0x8003D804	0x3C	EndSaveGame__11CMemoryCard	
0x8006F74C	0x38	End__13ZShotActivate	
0x800AC264	0x3C	GCEffectsSetEnabled__9ZSysInputib	
0x800AD17C	0x58	_._17ZTextureManagerGC	
0x800E9F34	0x50	BombIconShow__16ZOnScreenDisplay	
0x80136C70	0x38	GetSeerIndex__C13CCheckVisibleUi	
0x8014A390	0x58	ScreenAspectXY__C7ZRender	
0x801B5AD0	0x48	IsConnected__9ZSysInputi	
0x802361C0	0x34	__11CFastLookupb	
0x80270730	0x58	__10ZAllocManyP14ZGEOMCLASSINFOPCcP9ZBaseGeom	
0x8030E72C	0x60	_._4CCom	
0x8035B16C	0x5C	_._20ZDrawDebugObjectRoot	
0x8037C8F4	0x30	DebugDraw__14CMoveAlongPathf	
0x8038E944	0x48	GetNrCounters__8ZCOUNTER	
0x803B31B4	0x40	SetMasterVolume__9ZDllSoundi	
0x803BE6B4	0x40	Invisible__9ZBaseGeomb	
0x803D96CC	0x30	AllocOne__14ZROUTCLASSINFO	
0x803DF7A0	0x84	mload44__FPfPCfT1	
0x803E6B3C	0x38	OnWindowClose__9CZoneMenuUib	
0x80407D1C	0xF4	fflush	
0x80407E10	0x5C	snstd	
0x80407E6C	0xB0	_sn_sinit	
0x80407F1C	0x144	_sn_sfp	
0x80408060	0xEC	_fopen_r	
0x80408238	0x3E4	fseek	
0x8040861C	0x80	_fwalk	
0x8040869C	0xD8	__smakebuf	
0x80408774	0xAC	printf	
0x80408840	0x174	__srefill	
0x804089B4	0xD8	sprintf	
0x80408A94	0xF0	sscanf	
0x80408B84	0x64	__sread	
0x80408BE8	0x70	__swrite	
0x80408C58	0x64	__sseek	
0x80408CE4	0xE04	__svfscanf	
0x80409AE8	0xD4	__sccl	
0x80409BBC	0x34	vprintf	
0x80409BF0	0x5C	vsprintf	
0x80409C4C	0x74	vsnprintf	
0x80409CC0	0x30	__assert	
0x80409CF0	0x98	atexit	
0x80409DD4	0x98	bsearch	
0x80409E6C	0x80	exit	
0x80409EEC	0x31C	_mbtowc_r	
0x8040A208	0x98C	qsort	
0x8040AC00	0x330	strtod	
0x8040AF30	0x198	_strtoul_r	
0x8040B100	0x90	memcmp	
0x8040B190	0xA4	memcpy	
0x8040B234	0xEC	memmove	
0x8040B320	0x94	memset	
0x8040B3B4	0x94	strcasecmp	
0x8040B448	0x90	strcat	
0x8040B4D8	0x9C	strchr	
0x8040B574	0xA8	strcmp	
0x8040B61C	0x84	strcpy	
0x8040B6A0	0x6C	strlen	
0x8040B750	0xE0	strncmp	
0x8040B830	0xCC	strncpy	
0x8040B8FC	0x4C	strrchr	
0x8040B948	0x68	strstr	
0x8040BAA0	0x5C	strround	
0x8040BAFC	0x4C	strrev	
0x8040BB48	0x7C	itoa	
0x8040C180	0xD8	vfprintf	
0x8040D770	0x3C	vfiprintf	
0x8040D7AC	0x12F4	_vfiprintf_r	
0x8040EAA0	0x1B0	_strtol_r	
0x8040F5FC	0x50	_close_r	
0x8040F64C	0x58	_fstat_r	
0x8040F6FC	0x5C	_open_r	
0x8040F89C	0x9C	__sflags	
0x8040F964	0xE0	fread	
0x8040FA44	0x184	ungetc	
0x8040FBE0	0xC0	memchr	
0x80410518	0xE0	cos	
0x804105F8	0x3C	fabs	
0x80410790	0xE0	sin	
0x80411554	0xDC	cosf	
0x8041171C	0xDC	sinf	
0x804117F8	0x80	tanf	
0x80413584	0x154	scalbn	
0x804136D8	0x11C	scalbnf	
0x80413844	0x34	copysignf	
0x80413878	0x90	__do_global_ctors	
0x80413908	0x38	__main	
0x80413940	0x40	__ashldi3	
0x80413980	0x40	__ashrdi3	
0x804139C0	0x57C	__divdi3	
0x80413F44	0x40	__lshrdi3	
0x80413F84	0x534	__moddi3	
0x804144D8	0x4E4	__udivdi3	
0x804149BC	0x498	__umoddi3	
0x80414E90	0x34	eh_context_initialize	
0x80414EC4	0x6C	eh_context_static	
0x80414F74	0x88	AIInitDMA	
0x8041502C	0xD8	AISetStreamPlayState	
0x80415114	0xE0	AISetDSPSampleRate	
0x80415208	0xD4	__AI_set_stream_sample_rate	
0x80415344	0x16C	AIInit	
0x804154B0	0x7C	__AISHandler	
0x8041552C	0xAC	__AIDHandler	
0x804155D8	0x58	__AICallbackStackSwitch	
0x80415630	0x1E4	__AI_SRC_INIT	
0x80415880	0x3C	ARGetDMAStatus	
0x804158BC	0xF0	ARStartDMA	
0x804159AC	0xC4	ARInit	
0x80415A78	0x78	__ARHandler	
0x80415B20	0x17F4	__ARChecksize	
0x80417314	0x100	__ARQServiceQueueLo	
0x80417418	0xCC	__ARQInterruptServiceRoutine	
0x804174E4	0x70	ARQInit	
0x80417554	0x15C	ARQPostRequest	
0x804176B0	0xE8	ARQRemoveRequest	
0x80417808	0x34	AXQuit	
0x80417854	0x74	__AXServiceCallbackStack	
0x80417A7C	0x94	__AXRemoveFromStack	
0x80417B10	0x80	AXFreeVoice	
0x80417B90	0x174	AXAcquireVoice	
0x80417D04	0xE4	__AXAuxInit	
0x80417F50	0x23C	__AXProcessAux	
0x804181A0	0x3C	__AXGetCommandListAddress	
0x804181DC	0x6B0	__AXNextFrame	
0x80418B50	0x58	__AXDSPResumeCallback	
0x80418BD4	0xCC	__AXOutInitDSP	
0x80419040	0x58	__AXOutQuit	
0x804190A4	0x3F8	__AXPrintStudio	
0x804194CC	0x94	__AXDepopVoice	
0x8041A184	0xC4	AXSetVoiceSrcType	
0x8041A248	0x5C	AXSetVoiceState	
0x8041A2A4	0x110	AXSetVoiceAddr	
0x8041A3B4	0xA4	AXSetVoiceAdpcm	
0x8041A458	0x98	AXSetVoiceSrcRatio	
0x8041A4F0	0x6C	AXSetVoiceAdpcmLoop	
0x8041A55C	0x48	__AXGetCurrentProfile	
0x8041A6C8	0x34	__CARDSyncCallback	
0x8041A6FC	0xD8	__CARDExtHandler	
0x8041A7D4	0x118	__CARDExiHandler	
0x8041A8EC	0xA8	__CARDTxHandler	
0x8041A994	0x84	__CARDUnlockedHandler	
0x8041AA18	0xC0	__CARDEnableInterrupt	
0x8041AD64	0xA4	TimeoutHandler	
0x8041B0A8	0x110	UnlockedCallback	
0x8041B3DC	0x134	__CARDReadSegment	
0x8041B75C	0xAC	CARDInit	
0x8041B810	0x38	__CARDSetDiskID	
0x8041B848	0xB8	__CARDGetControlBlock	
0x8041B900	0x64	__CARDPutControlBlock	
0x8041B964	0x150	CARDFreeBlocks	
0x8041BAB4	0x84	CARDGetSectorSize	
0x8041BB38	0x98	__CARDSync	
0x8041BBD0	0x50	OnReset	
0x8041BC78	0xD4	WriteCallback	
0x8041BE14	0x118	__CARDAllocBlock	
0x8041BF2C	0x9C	__CARDFreeBlock	
0x8041BFC8	0xAC	__CARDUpdateFatBlock	
0x8041C07C	0xD0	WriteCallback	
0x8041C214	0xC4	__CARDUpdateDir	
0x8041C2D8	0x1B0	__CARDCheckSum	
0x8041C488	0x284	VerifyID	
0x8041C70C	0x240	VerifyDir	
0x8041C94C	0x284	VerifyFAT	
0x8041CBD0	0x8C	__CARDVerify	
0x8041CC5C	0x590	CARDCheckExAsync	
0x8041D1EC	0x54	CARDCheck	
0x8041D240	0xCC	IsCard	
0x8041D30C	0x17C	CARDProbeEx	
0x8041D8DC	0x138	__CARDMountCallback	
0x8041DA14	0x1A0	CARDMountAsync	
0x8041DBFC	0x9C	DoUnmount	
0x8041DC98	0xAC	CARDUnmount	
0x8041DD44	0x144	FormatCallback	
0x8041DE88	0x658	__CARDFormatRegionAsync	
0x8041E4E0	0x54	CARDFormat	
0x8041E534	0x68	__CARDCompareFileName	
0x8041EBC8	0x54	CARDClose	
0x8041EC24	0x130	CreateCallbackFat	
0x8041ED54	0x220	CARDCreateAsync	
0x8041EF74	0x48	CARDCreate	
0x8041EFBC	0x1B8	__CARDSeek	
0x8041F174	0x130	ReadCallback	
0x8041F430	0x170	WriteCallback	
0x8041F5A0	0xB0	EraseCallback	
0x8041F650	0x114	CARDWriteAsync	
0x8041F7AC	0xA4	DeleteCallback	
0x8041F850	0x12C	CARDFastDeleteAsync	
0x8041F9C4	0x110	CARDDeleteAsync	
0x8041FB1C	0x1F8	UpdateIconOffsets	
0x8041FE28	0x174	CARDSetStatusAsync	
0x80420354	0x16C	bitrev	
0x804204C0	0x144	ReadArrayUnlock	
0x80420604	0xC4	DummyLen	
0x804206C8	0xB58	__CARDUnlock	
0x80421220	0x70	InitCallback	
0x80421290	0x324	DoneCallback	
0x80421690	0x64	__CARDRead	
0x80421BAC	0x48	__DBExceptionDestinationAux	
0x80421CBC	0xC4	DSPInit	
0x80421D88	0x70	DSPAddTask	
0x80421DF8	0x40	DSPCancelTask	
0x80421E38	0xC8	DSPAssertTask	
0x80421F50	0x424	__DSPHandler	
0x80422374	0x1A0	__DSP_exec_task	
0x80422514	0x18C	__DSP_boot_task	
0x804226A0	0xA0	__DSP_insert_task	
0x80422740	0x94	__DSP_remove_task	
0x804227D4	0x38	__DVDFSInit	
0x8042280C	0x2F4	DVDConvertPathToEntrynum	
0x80422B00	0x74	DVDFastOpen	
0x80422B74	0xC8	DVDOpen	
0x80422C60	0x160	entryToPath	
0x80422DC0	0xC4	DVDGetCurrentDir	
0x80422E84	0x60	DVDChangeDir	
0x804230B0	0x94	stateReadingFST	
0x80423270	0x34	stateTimeout	
0x804232CC	0xB4	CategorizeError	
0x80423828	0xE0	stateCheckID	
0x804239D8	0x38	stateCheckID2	
0x80423CD4	0x44	AlarmHandler	
0x80423DEC	0x30	stateCoverClosed_CMD	
0x80424C14	0xDC	DVDReadAbsAsyncPrio	
0x80424CF0	0xD0	DVDReadAbsAsyncForBS	
0x80424DC0	0xD4	DVDReadDiskID	
0x80424F50	0xD0	DVDInquiryAsync	
0x80425020	0x44	DVDReset	
0x80425064	0x4C	DVDGetCommandBlockStatus	
0x804250B0	0xAC	DVDGetDriveStatus	
0x8042516C	0x50	DVDResume	
0x804251BC	0x27C	DVDCancelAsync	
0x80425438	0xAC	DVDCancel	
0x80425510	0xF8	DVDCheckDisk	
0x80425608	0x11C	__DVDPrepareResetAsync	
0x8042575C	0x38	__DVDClearWaitingQueue	
0x80425794	0x68	__DVDPushWaitingQueue	
0x804257FC	0xA0	__DVDPopWaitingQueue	
0x8042589C	0x58	__DVDCheckWaitingQueue	
0x804258F4	0x60	__DVDDequeueWaitingQueue	
0x80425954	0x11C	ErrorCode2Num	
0x80425A70	0x7C	__DVDStoreErrorCode	
0x80425AEC	0xF8	DVDCompareDiskID	
0x80425BE4	0x30	__DVDPrintFatalMessage	
0x80425C14	0xD8	cb	
0x80425CEC	0x168	__fstLoad	
0x80425E54	0x40	__DVDInitWA	
0x80425E94	0x2E0	__DVDInterruptHandler	
0x80426174	0x84	AlarmHandler	
0x804261F8	0x70	AlarmHandlerForTimeout	
0x80426268	0x110	Read	
0x80426378	0x80	SeekTwiceBeforeRead	
0x804263F8	0x298	DVDLowRead	
0x80426690	0x94	DVDLowSeek	
0x80426750	0xA4	DVDLowReadDiskID	
0x8042690C	0x9C	DVDLowInquiry	
0x804269A8	0x98	DVDLowAudioStream	
0x80426A40	0x8C	DVDLowRequestAudioStatus	
0x80426ACC	0x9C	DVDLowAudioBufferConfig	
0x80426B68	0xBC	DVDLowReset	
0x80426C54	0x44	__DVDLowSetWAType	
0x80426CD0	0xF4	SetExiInterruptMask	
0x80426DC4	0x25C	EXIImm	
0x80427020	0xA0	EXIImmEx	
0x804270C0	0xEC	EXIDma	
0x804271AC	0x24C	EXISync	
0x804273F8	0x48	EXIClearInterrupts	
0x80427440	0x7C	EXISetExiCallback	
0x804274BC	0x174	__EXIProbe	
0x80427630	0x80	EXIProbe	
0x804276B0	0xB4	EXIProbeEx	
0x80427764	0x10C	EXIAttach	
0x80427870	0xBC	EXIDetach	
0x8042792C	0x12C	EXISelect	
0x80427A58	0x110	EXIDeselect	
0x80427B68	0xC8	EXIIntrruptHandler	
0x80427C30	0x218	TCIntrruptHandler	
0x80427E48	0xD0	EXTIntrruptHandler	
0x804280EC	0xF4	EXILock	
0x804281E0	0xDC	EXIUnlock	
0x804282FC	0x3B0	EXIGetID	
0x804286AC	0x18C	ProbeBarnacle	
0x80428838	0x1BC	__OSEnableBarnacle	
0x804289F4	0x70	InitializeUART	
0x80428D84	0x190	__GXShutdown	
0x8042A124	0x6C	GXInitFifoBase	
0x8042A190	0x70	GXInitFifoPtrs	
0x8042A334	0x178	GXSetGPFifo	
0x8042A4AC	0x98	GXGetFifoPtrs	
0x8042A668	0x4C	__GXFifoInit	
0x8042A790	0x100	__GXCleanGPFifo	
0x8042B0F8	0x124	__GXCalculateVLim	
0x8042B21C	0x1B4	GXGetVtxDesc	
0x8042B3D0	0x90	GXGetVtxDescv	
0x8042B9FC	0x280	GXGetVtxAttrFmt	
0x8042BF8C	0x94	GXSetMisc	
0x8042C020	0x5C	GXFlush	
0x8042C07C	0x16C	__GXAbort	
0x8042C464	0x80	GXDrawDone	
0x8042C980	0x88	__GXSendFlushPrim	
0x8042CF88	0x238	GXGetYScaleFactor	
0x8042D814	0x38	GXClearBoundingBox	
0x8042D84C	0x190	GXInitLightSpot	
0x8042D9F8	0x7C	GXLoadLightObjImm	
0x8042DD30	0x64	__GXGetTexTileShift	
0x8042DD94	0x15C	GXGetTexBufferSize	
0x8042DEF0	0xC8	__GetImageTileCount	
0x8042E204	0x48	GXInitTexObjCI	
0x8042E590	0x54	GXLoadTexObj	
0x8042E7E0	0x48	GXInvalidateTexAll	
0x8042E8F0	0x17C	__GXSetSUTexRegs	
0x8042F2E0	0x8C	GXSetTevOp	
0x8042F36C	0x44	GXSetTevColorIn	
0x8042F3B0	0x44	GXSetTevAlphaIn	
0x8042FE24	0x54	GXSetBlendMode	
0x8042FED0	0x34	GXSetZMode	
0x80430038	0x3C	GXSetDstAlpha	
0x804302C4	0x50	GXLoadPosMtxImm	
0x80430314	0x50	GXLoadNrmMtxImm	
0x80430398	0xB4	GXLoadTexMtxImm	
0x8043065C	0x84	__GXSetMatrixIndex	
0x80430F28	0x1A8	GXReadGPMetric	
0x804310E0	0x138	GXReadPixMetric	
0x80431218	0x34	PSMTXCopy	
0x8043124C	0xCC	PSMTXConcat	
0x80431318	0x34	PSMTXTrans	
0x80431374	0xCC	C_MTXLightPerspective	
0x80431494	0xD0	C_MTXPerspective	
0x80431564	0x98	C_MTXOrtho	
0x804315FC	0x104	PSMTX44Concat	
0x80431850	0x3C	InquiryCallback	
0x80431D6C	0x280	OSExceptionInit	
0x80432044	0x9C	OSExceptionVector	
0x804320E0	0x58	OSDefaultExceptionHandler	
0x80432234	0x250	InsertAlarm	
0x80432484	0x68	OSSetAlarm	
0x804324EC	0x7C	OSSetPeriodicAlarm	
0x80432568	0x11C	OSCancelAlarm	
0x80432684	0x230	DecrementerExceptionCallback	
0x804329A4	0xAC	DLInsert	
0x80432A50	0xFC	OSAllocFromHeap	
0x80432B4C	0x7C	OSFreeToHeap	
0x80432BD8	0x70	OSInitAlloc	
0x80432C48	0x6C	OSCreateHeap	
0x80432D00	0x1BC	__OSInitAudioSystem	
0x80432EBC	0xD8	__OSStopAudioSystem	
0x80432FD4	0x30	DCFlushRange	
0x80433004	0x30	DCStoreRange	
0x8043308C	0x34	ICInvalidateRange	
0x8043310C	0x98	L2GlobalInvalidate	
0x804331A4	0x160	DMAErrorHandler	
0x80433304	0xF4	__OSCacheInit	
0x804333F8	0x124	__OSLoadFPUContext	
0x8043351C	0x128	__OSSaveFPUContext	
0x8043364C	0x5C	OSSetCurrentContext	
0x804336B4	0x80	OSSaveContext	
0x80433734	0xD8	OSLoadContext	
0x80433838	0xBC	OSInitContext	
0x804338F4	0x2A8	OSDumpContext	
0x80433B9C	0x84	OSSwitchFPUContext	
0x80433C20	0x48	__OSContextInit	
0x80433C68	0x80	OSReport	
0x80433CE8	0x12C	OSPanic	
0x80433E14	0x218	OSSetErrorHandler	
0x8043402C	0x2E8	__OSUnhandledException	
0x80435004	0x74	__OSInterruptInit	
0x80435078	0x2D8	SetInterruptMask	
0x80435350	0x88	__OSMaskInterrupts	
0x804353D8	0x88	__OSUnmaskInterrupts	
0x80435460	0x344	__OSDispatchInterrupt	
0x8043580C	0x60	OSInitMessageQueue	
0x8043586C	0xC8	OSSendMessage	
0x80435934	0xDC	OSReceiveMessage	
0x80435A10	0x3C	OnReset	
0x80435A4C	0x6C	MEMIntrruptHandler	
0x80435CE8	0x38	OSInitMutex	
0x80435D20	0xDC	OSLockMutex	
0x80435DFC	0xC8	OSUnlockMutex	
0x80435EC4	0x70	__OSUnlockAllMutex	
0x80435FB8	0x84	OSRegisterResetFunction	
0x804360E4	0x70	Reset	
0x80436154	0x68	KillThreads	
0x804361BC	0x48	__OSDoHotReset	
0x8043643C	0xF4	__OSResetSWInterruptHandler	
0x804367E8	0x60	WriteSramCallback	
0x80436848	0x118	WriteSram	
0x80436A9C	0x5C	__OSLockSram	
0x80436AF8	0x5C	__OSLockSramEx	
0x80436EE8	0x70	OSGetProgressiveMode	
0x80436F58	0xA4	OSSetProgressiveMode	
0x80436FFC	0x84	OSGetWirelessID	
0x80437080	0xAC	OSSetWirelessID	
0x80437274	0x64	__OSInitSystemCall	
0x804372DC	0x158	__OSThreadInit	
0x80437450	0x34	OSIsThreadTerminated	
0x80437504	0x68	UnsetRun	
0x8043756C	0x3C	__OSGetEffectivePriority	
0x804375A8	0x1C0	SetEffectivePriority	
0x80437768	0x50	__OSPromoteThread	
0x804379E0	0x30	__OSReschedule	
0x80437A10	0x3C	OSYieldThread	
0x80437A4C	0x1E8	OSCreateThread	
0x80437C34	0xE4	OSExitThread	
0x80437D18	0x1BC	OSCancelThread	
0x80437ED4	0x288	OSResumeThread	
0x8043815C	0x170	OSSuspendThread	
0x804382CC	0xEC	OSSleepThread	
0x804383B8	0x104	OSWakeupThread	
0x804384BC	0xC0	OSSetThreadPriority	
0x8043857C	0xAC	OSClearStack	
0x80438648	0x64	__OSGetSystemTime	
0x804386AC	0x58	__OSTimeToSystemTime	
0x80438778	0x1A8	ClampCircle	
0x80438920	0x10C	PADClampCircle	
0x80438A2C	0x1A4	UpdateOrigin	
0x80438BD0	0xC4	PADOriginCallback	
0x80438D60	0xD8	PADProbeCallback	
0x80438E38	0x32C	PADTypeAndStatusCallback	
0x804399D0	0x60	PADSetSpec	
0x80439A30	0x174	SPEC0_MakeStatus	
0x80439BA4	0x174	SPEC1_MakeStatus	
0x8043A244	0x60	SamplingHandler	
0x8043A2A4	0x54	PADSetSamplingCallback	
0x8043A394	0x3C	SIIsChanBusy	
0x8043A3D0	0x2FC	CompleteTransfer	
0x8043A6CC	0x344	SIInterruptHandler	
0x8043AA10	0x98	SIEnablePollingInterrupt	
0x8043AAA8	0xCC	SIRegisterPollingHandler	
0x8043AB74	0xF4	SIUnregisterPollingHandler	
0x8043AC68	0xB4	SIInit	
0x8043AD1C	0x20C	__SITransfer	
0x8043AF28	0x7C	SIGetStatus	
0x8043AFC8	0x6C	SISetXY	
0x8043B034	0x9C	SIEnablePolling	
0x8043B0D0	0x6C	SIDisablePolling	
0x8043B13C	0xD4	SIGetResponseRaw	
0x8043B210	0xC4	SIGetResponse	
0x8043B2D4	0x8C	AlarmHandler	
0x8043B360	0x16C	SITransfer	
0x8043B4CC	0x298	GetTypeCallback	
0x8043B764	0x1C4	SIGetType	
0x8043B928	0x13C	SIGetTypeAsync	
0x8043BA64	0xE4	SISetSamplingRate	
0x8043C0D0	0x4B0	VIInit	
0x8043C580	0x54	VIWaitForRetrace	
0x8043C5D4	0x2D4	setFbbRegs	
0x8043C8A8	0x1A0	setVerticalRegs	
0x8043D250	0x130	VIFlush	
0x8043D3EC	0x7C	VISetBlack	
0x8043D4A4	0x68	getCurrentFieldEvenOdd	
0x8043D5A8	0x98	VIGetCurrentLine	
0x8043D6A8	0x3C	VIGetDTVStatus	
0x8043D960	0x9C	VMInit	
0x8043DA1C	0x30	__VMAllocMRAMSwapSpace	
0x8043DC48	0xB4	__VMSwapPageOut	
0x8043DD24	0x44	__VMGetPageToReplace	
0x8043DD68	0x1D0	__VMPageReplacementLRU	
0x8043DF38	0x94	__VMPageReplacementRandom	
0x8043DFCC	0x6C	__VMPageReplacementFIFO	
0x8043E038	0x100	VMAlloc	
0x8043E138	0x40	__VMTranslateVMPageToARAMPage	
0x8043E198	0x38	__VMMappingErrorAlert	
0x8043E1FC	0xA8	__VMAllocVirtualToARAMLUT	
0x8043E2A4	0xA0	__VMAllocARAMToVirtualLUT	
0x8043E34C	0x260	DBWrite	
0x8043E5AC	0x8C	DBRead	
0x8043E638	0x9C	DBQueryData	
0x8043E6D4	0x54	DBInitInterrupts	
0x8043E728	0x78	DBInitComm	
0x8043E7A0	0x40	DBGHandler	
0x8043E7E0	0x3C	MWCallback	
0x8043E8C8	0xDC	DBGWrite	
0x8043E9A4	0xDC	DBGRead	
0x8043EB2C	0x298	DBGEXIImm	
0x8043EE20	0x50	_write	
0x8043EF00	0xA4	open	
0x8043EFC0	0x4C	_savegpr_14	
0x8043F00C	0x4C	_restgpr_14	
0x8043F058	0xCC	VMBASEInit	
0x8043F3E4	0x3C	__VMBASEInitPageTable	
0x8043F5D8	0xD8	__VMBASEInvalidateLockedPageTable	
0x8043F6B0	0x78	__VMBASEInvalidateReversePageTable	
0x8043F808	0x58	__VMBASEInvalidateEntireTLB	
0x8043F860	0x54	__VMBASESetupVMRegisters	
0x8043F8FC	0x17C	__VMBASESetupExceptionHandlers	
0x804748D8	0x3C	OnWindowOpen__7ZWINDOWUib	
0x80542F88	0x38	__13TypeFactory_t	
0x805A1A08	0x38	_._6ZSynth	
