0x80414F74	0x88	AIInitDMA	
0x8041502C	0xD8	AISetStreamPlayState	
0x80415114	0xE0	AISetDSPSampleRate	
0x80415208	0xD4	__AI_set_stream_sample_rate	
0x804154B0	0x7C	__AISHandler	
0x804155D8	0x58	__AICallbackStackSwitch	
0x80415630	0x1E4	__AI_SRC_INIT	
0x804158BC	0xF0	ARStartDMA	
0x80415A78	0x78	__ARHandler	
0x80417314	0x100	__ARQServiceQueueLo	
0x80417418	0xCC	__ARQInterruptServiceRoutine	
0x80417554	0x15C	ARQPostRequest	
0x80417A7C	0x94	__AXRemoveFromStack	
0x80417B10	0x80	AXFreeVoice	
0x80417B90	0x174	AXAcquireVoice	
0x804181A0	0x3C	__AXGetCommandListAddress	
0x80418B50	0x58	__AXDSPResumeCallback	
0x804190A4	0x3F8	__AXPrintStudio	
0x804194CC	0x94	__AXDepopVoice	
0x8041A184	0xC4	AXSetVoiceSrcType	
0x8041A248	0x5C	AXSetVoiceState	
0x8041A2A4	0x110	AXSetVoiceAddr	
0x8041A3B4	0xA4	AXSetVoiceAdpcm	
0x8041A4F0	0x6C	AXSetVoiceAdpcmLoop	
0x8041A55C	0x48	__AXGetCurrentProfile	
0x8041A6C8	0x34	__CARDSyncCallback	
0x8041A6FC	0xD8	__CARDExtHandler	
0x8041A7D4	0x118	__CARDExiHandler	
0x8041A8EC	0xA8	__CARDTxHandler	
0x8041A994	0x84	__CARDUnlockedHandler	
0x8041AA18	0xC0	__CARDEnableInterrupt	
0x8041ACB8	0xAC	__CARDClearStatus	
0x8041AD64	0xA4	TimeoutHandler	
0x8041B0A8	0x110	UnlockedCallback	
0x8041B3DC	0x134	__CARDReadSegment	
0x8041B810	0x38	__CARDSetDiskID	
0x8041B848	0xB8	__CARDGetControlBlock	
0x8041B900	0x64	__CARDPutControlBlock	
0x8041B964	0x150	CARDFreeBlocks	
0x8041BAB4	0x84	CARDGetSectorSize	
0x8041BB38	0x98	__CARDSync	
0x8041BBD0	0x50	OnReset	
0x8041BC78	0xD4	WriteCallback	
0x8041BE14	0x118	__CARDAllocBlock	
0x8041BF2C	0x9C	__CARDFreeBlock	
0x8041BFC8	0xAC	__CARDUpdateFatBlock	
0x8041C07C	0xD0	WriteCallback	
0x8041C214	0xC4	__CARDUpdateDir	
0x8041C2D8	0x1B0	__CARDCheckSum	
0x8041C70C	0x240	VerifyDir	
0x8041C94C	0x284	VerifyFAT	
0x8041CBD0	0x8C	__CARDVerify	
0x8041CC5C	0x590	CARDCheckExAsync	
0x8041DA14	0x1A0	CARDMountAsync	
0x8041DBFC	0x9C	DoUnmount	
0x8041DC98	0xAC	CARDUnmount	
0x8041DD44	0x144	FormatCallback	
0x8041DE88	0x658	__CARDFormatRegionAsync	
0x8041E534	0x68	__CARDCompareFileName	
0x8041EBC8	0x54	CARDClose	
0x8041EC24	0x130	CreateCallbackFat	
0x8041ED54	0x220	CARDCreateAsync	
0x8041EFBC	0x1B8	__CARDSeek	
0x8041F174	0x130	ReadCallback	
0x8041F430	0x170	WriteCallback	
0x8041F5A0	0xB0	EraseCallback	
0x8041F650	0x114	CARDWriteAsync	
0x8041F7AC	0xA4	DeleteCallback	
0x8041F9C4	0x110	CARDDeleteAsync	
0x8041FB1C	0x1F8	UpdateIconOffsets	
0x8041FE28	0x174	CARDSetStatusAsync	
0x80420354	0x16C	bitrev	
0x804204C0	0x144	ReadArrayUnlock	
0x80421220	0x70	InitCallback	
0x80421290	0x324	DoneCallback	
0x80421690	0x64	__CARDRead	
0x80421BAC	0x48	__DBExceptionDestinationAux	
0x80421D88	0x70	DSPAddTask	
0x80421E38	0xC8	DSPAssertTask	
0x80421F50	0x424	__DSPHandler	
0x80422374	0x1A0	__DSP_exec_task	
0x80422514	0x18C	__DSP_boot_task	
0x804226A0	0xA0	__DSP_insert_task	
0x80422740	0x94	__DSP_remove_task	
0x804227D4	0x38	__DVDFSInit	
0x8042280C	0x2F4	DVDConvertPathToEntrynum	
0x80422B00	0x74	DVDFastOpen	
0x80422B74	0xC8	DVDOpen	
0x80422C60	0x160	entryToPath	
0x80422DC0	0xC4	DVDGetCurrentDir	
0x80422FA4	0x30	cbForReadAsync	
0x804232CC	0xB4	CategorizeError	
0x804239D8	0x38	stateCheckID2	
0x80423CD4	0x44	AlarmHandler	
0x80423DEC	0x30	stateCoverClosed_CMD	
0x80424C14	0xDC	DVDReadAbsAsyncPrio	
0x80424CF0	0xD0	DVDReadAbsAsyncForBS	
0x80424DC0	0xD4	DVDReadDiskID	
0x80425020	0x44	DVDReset	
0x80425064	0x4C	DVDGetCommandBlockStatus	
0x804250B0	0xAC	DVDGetDriveStatus	
0x80425438	0xAC	DVDCancel	
0x80425608	0x11C	__DVDPrepareResetAsync	
0x8042575C	0x38	__DVDClearWaitingQueue	
0x80425794	0x68	__DVDPushWaitingQueue	
0x804257FC	0xA0	__DVDPopWaitingQueue	
0x8042589C	0x58	__DVDCheckWaitingQueue	
0x804258F4	0x60	__DVDDequeueWaitingQueue	
0x80425954	0x11C	ErrorCode2Num	
0x80425A70	0x7C	__DVDStoreErrorCode	
0x80425C14	0xD8	cb	
0x80425CEC	0x168	__fstLoad	
0x80425E54	0x40	__DVDInitWA	
0x80426174	0x84	AlarmHandler	
0x804261F8	0x70	AlarmHandlerForTimeout	
0x80426268	0x110	Read	
0x80426378	0x80	SeekTwiceBeforeRead	
0x804263F8	0x298	DVDLowRead	
0x80426690	0x94	DVDLowSeek	
0x80426750	0xA4	DVDLowReadDiskID	
0x8042690C	0x9C	DVDLowInquiry	
0x804269A8	0x98	DVDLowAudioStream	
0x80426A40	0x8C	DVDLowRequestAudioStatus	
0x80426ACC	0x9C	DVDLowAudioBufferConfig	
0x80426B68	0xBC	DVDLowReset	
0x80426C54	0x44	__DVDLowSetWAType	
0x804273F8	0x48	EXIClearInterrupts	
0x804289F4	0x70	InitializeUART	
0x80428A64	0x200	WriteUARTN	
0x8042A124	0x6C	GXInitFifoBase	
0x8042A190	0x70	GXInitFifoPtrs	
0x8042A668	0x4C	__GXFifoInit	
0x8042C020	0x5C	GXFlush	
0x8042C464	0x80	GXDrawDone	
0x8042C980	0x88	__GXSendFlushPrim	
0x8042D814	0x38	GXClearBoundingBox	
0x8042E204	0x48	GXInitTexObjCI	
0x8042E590	0x54	GXLoadTexObj	
0x8042E7E0	0x48	GXInvalidateTexAll	
0x8042E8F0	0x17C	__GXSetSUTexRegs	
0x80430124	0x70	GXCallDisplayList	
0x8043065C	0x84	__GXSetMatrixIndex	
0x80431440	0x54	PSMTXMultVec	
0x80431D6C	0x280	OSExceptionInit	
0x80432044	0x9C	OSExceptionVector	
0x80432234	0x250	InsertAlarm	
0x80432484	0x68	OSSetAlarm	
0x804324EC	0x7C	OSSetPeriodicAlarm	
0x80432568	0x11C	OSCancelAlarm	
0x80432684	0x230	DecrementerExceptionCallback	
0x804329A4	0xAC	DLInsert	
0x80432A50	0xFC	OSAllocFromHeap	
0x80432B4C	0x7C	OSFreeToHeap	
0x80432BD8	0x70	OSInitAlloc	
0x80432C48	0x6C	OSCreateHeap	
0x80432D00	0x1BC	__OSInitAudioSystem	
0x80432EBC	0xD8	__OSStopAudioSystem	
0x8043310C	0x98	L2GlobalInvalidate	
0x804331A4	0x160	DMAErrorHandler	
0x80433304	0xF4	__OSCacheInit	
0x804333F8	0x124	__OSLoadFPUContext	
0x8043351C	0x128	__OSSaveFPUContext	
0x8043364C	0x5C	OSSetCurrentContext	
0x804336B4	0x80	OSSaveContext	
0x80433838	0xBC	OSInitContext	
0x804338F4	0x2A8	OSDumpContext	
0x80433B9C	0x84	OSSwitchFPUContext	
0x80433C20	0x48	__OSContextInit	
0x80433C68	0x80	OSReport	
0x80433CE8	0x12C	OSPanic	
0x80435004	0x74	__OSInterruptInit	
0x80435078	0x2D8	SetInterruptMask	
0x80435350	0x88	__OSMaskInterrupts	
0x804353D8	0x88	__OSUnmaskInterrupts	
0x80435460	0x344	__OSDispatchInterrupt	
0x8043580C	0x60	OSInitMessageQueue	
0x8043586C	0xC8	OSSendMessage	
0x80435934	0xDC	OSReceiveMessage	
0x80435A10	0x3C	OnReset	
0x80435A4C	0x6C	MEMIntrruptHandler	
0x80435CE8	0x38	OSInitMutex	
0x80435D20	0xDC	OSLockMutex	
0x80435DFC	0xC8	OSUnlockMutex	
0x80435EC4	0x70	__OSUnlockAllMutex	
0x80435FB8	0x84	OSRegisterResetFunction	
0x804360E4	0x70	Reset	
0x804361BC	0x48	__OSDoHotReset	
0x8043643C	0xF4	__OSResetSWInterruptHandler	
0x804367E8	0x60	WriteSramCallback	
0x80436848	0x118	WriteSram	
0x80436A9C	0x5C	__OSLockSram	
0x80436AF8	0x5C	__OSLockSramEx	
0x80436FFC	0x84	OSGetWirelessID	
0x80437080	0xAC	OSSetWirelessID	
0x80437274	0x64	__OSInitSystemCall	
0x80437504	0x68	UnsetRun	
0x8043756C	0x3C	__OSGetEffectivePriority	
0x804375A8	0x1C0	SetEffectivePriority	
0x80437768	0x50	__OSPromoteThread	
0x804379E0	0x30	__OSReschedule	
0x80437A10	0x3C	OSYieldThread	
0x80437C34	0xE4	OSExitThread	
0x80437D18	0x1BC	OSCancelThread	
0x80437ED4	0x288	OSResumeThread	
0x8043815C	0x170	OSSuspendThread	
0x804382CC	0xEC	OSSleepThread	
0x804383B8	0x104	OSWakeupThread	
0x80438648	0x64	__OSGetSystemTime	
0x804386AC	0x58	__OSTimeToSystemTime	
0x80438724	0x54	__init_cpp	
0x80438A2C	0x1A4	UpdateOrigin	
0x80438BD0	0xC4	PADOriginCallback	
0x80438D60	0xD8	PADProbeCallback	
0x80438E38	0x32C	PADTypeAndStatusCallback	
0x8043A244	0x60	SamplingHandler	
0x8043A2A4	0x54	PADSetSamplingCallback	
0x8043A394	0x3C	SIIsChanBusy	
0x8043A3D0	0x2FC	CompleteTransfer	
0x8043A6CC	0x344	SIInterruptHandler	
0x8043AA10	0x98	SIEnablePollingInterrupt	
0x8043AAA8	0xCC	SIRegisterPollingHandler	
0x8043AB74	0xF4	SIUnregisterPollingHandler	
0x8043AD1C	0x20C	__SITransfer	
0x8043AF28	0x7C	SIGetStatus	
0x8043AFC8	0x6C	SISetXY	
0x8043B034	0x9C	SIEnablePolling	
0x8043B0D0	0x6C	SIDisablePolling	
0x8043B13C	0xD4	SIGetResponseRaw	
0x8043B210	0xC4	SIGetResponse	
0x8043B2D4	0x8C	AlarmHandler	
0x8043B360	0x16C	SITransfer	
0x8043B4CC	0x298	GetTypeCallback	
0x8043B764	0x1C4	SIGetType	
0x8043B928	0x13C	SIGetTypeAsync	
0x8043BA64	0xE4	SISetSamplingRate	
0x8043C580	0x54	VIWaitForRetrace	
0x8043C5D4	0x2D4	setFbbRegs	
0x8043D380	0x6C	VISetNextFrameBuffer	
0x8043D3EC	0x7C	VISetBlack	
0x8043D4A4	0x68	getCurrentFieldEvenOdd	
0x8043D5A8	0x98	VIGetCurrentLine	
0x8043E34C	0x260	DBWrite	
0x8043E5AC	0x8C	DBRead	
0x8043E638	0x9C	DBQueryData	
0x8043E6D4	0x54	DBInitInterrupts	
0x8043E728	0x78	DBInitComm	
0x8043E7A0	0x40	DBGHandler	
0x8043E7E0	0x3C	MWCallback	
0x8043E8C8	0xDC	DBGWrite	
0x8043E9A4	0xDC	DBGRead	
0x8043EB2C	0x298	DBGEXIImm	
0x8043EFC0	0x4C	__save_gpr	
0x8043F00C	0x4C	__restore_gpr	
