0x8000C674	0x90	snprintf	
0x8001BBC8	0x48	SpeedZoneMgrShutdown__Fv	
0x8006F74C	0x38	SysShutdownSemaphore	
0x8008FD14	0x64	NSndFXGetSeriesTheme__F7SeriesE	
0x800A71F8	0x54	GetNoSponsorID__15SponsorManagerC7SeriesE	
0x800AD17C	0x58	_._16FE3DAutographObj	
0x80126034	0x30	DateGetNumDaysInYear	
0x801ABCDC	0x34	_AIMRETrackSectionRule__FPC5Car_tT0	
0x801B5A90	0x40	_._14CEventObserver	
0x802B2B8C	0x44	Create__9FE3DSceneUi	
0x8037B224	0x4C	_._14BakingFactoryC	
0x8038E7D8	0x74	__Q24RCMP7DECODERPCQ24RCMP11CODEC_IDATA	
0x8038E84C	0x58	_._Q24RCMP7DECODER	
0x8038E8A4	0x48	ChooseCodec__Q24RCMP7DECODERPQ24RCMP5CODECPQ24RCMP5CHUNK	
0x8038E944	0x48	GetCurrentFrameNumber__Q24RCMP7DECODER	
0x8038E9D8	0x8C	GetFrame__Q24RCMP7DECODERUi	
0x8038EA9C	0x58	GetChunk__Q24RCMP7DECODER	
0x8038EAF4	0x34	ReleaseChunk__Q24RCMP7DECODERPQ24RCMP5CHUNK	
0x8038EB78	0x54	__static_initialization_and_destruction_0	
0x8038F52C	0x40	_._Q24RCMP5CODEC	
0x8038F754	0x30	VP6_CODEC_is_chunk_for_codec__4RCMPUi	
0x8038FB28	0x3CC	DecodeChunk__18MAD_CODEC_INTERNALPQ24RCMP5CHUNK	
0x8038FEF4	0x12C	GetFrame__18MAD_CODEC_INTERNALUi	
0x80390214	0x34	MAD_CODEC_is_chunk_for_codec__4RCMPUi	
0x80390248	0x2BC	madinit__Fv	
0x8039055C	0x44	getdelta__Fv	
0x803905A0	0x5C	dcblock__FPii	
0x8039072C	0x120	setluma__FPCiPUci	
0x8039084C	0xA0	setchroma__FPCiPUci	
0x803909C4	0x338	MAD_decodemacroblock__FPCUcN20PUcN23i	
0x80390D54	0x16C	madvlcdecode	
0x80391194	0x164	idctcompute	
0x80391C68	0x64	iSPCH_FindEventDatInfo	
0x80391CCC	0x54	iSPCH_FindEvent	
0x80391D20	0x50	iSPCH_FindEventChannel	
0x80391D70	0x54	iSPCH_GetDatID	
0x80391E2C	0x30	iSPCH_InitEventDat	
0x80391E5C	0x48	iSPCH_GetFilterLength	
0x80391F70	0x128	iSPCH_FindEventSlot__FUiUi	
0x8039223C	0x14C	SPCH_AddEventV	
0x80392398	0x50	iSPCH_EventInFollowGroup__FUsP19SPCHType_FollowData	
0x80392708	0xC8	SPCH_ClearEventQueue	
0x803927E4	0xA0	iSPCH_ClearEvent__Fi	
0x80392AA4	0xC8	SPCH_Choose	
0x80392BC0	0x34	_SndIAllocatorMemLabelCB__FUc	
0x80392BF4	0x34	iSPCH_InitInGame	
0x80392C28	0x6C	SPCH_GetSampleDataRate	
0x8039305C	0xF8	iSPCH_GetPhraseBank__FP9VoxPhrasePUiP14PhrasePickInfo	
0x803931B4	0x38	iSPCH_TestBit__FPUci	
0x80393E1C	0x44	iSPCH_PickPhraseSample__FP14PhrasePickInfo	
0x803943A8	0xB4	iSPCH_ClearSentenceChoiceChannel	
0x8039445C	0x88	iSPCH_InitSentenceChoice	
0x80394744	0x40	iSPCH_TestValidParm__FUiUii	
0x8039487C	0x44	iSPCH_CheckFrequency__FP11VoxSentence	
0x80394C0C	0xC8	iSPCH_ChooseSingleSentence	
0x80394DE8	0x54	iSPCH_EACseedrandom__FUi	
0x80394FD4	0xE0	iSPCH_Rand	
0x80395150	0x100	iSPCH_BindData__FPcUi	
0x80395250	0x48	SPCH_AddEventDB	
0x80395714	0x60	iSPCH_CheckSentenceRules	
0x80395774	0x30	iSPCH_GetSampleParmAddr	
0x803957A4	0x88	iSPCH_GetSampleSizeData	
0x8039582C	0x38	SPCHEXT_gettick	
0x80395870	0x8C	iSPCH_CsisCb__FPQ24Csis9ParameterPv	
0x803A424C	0x254	SNDAEMSI_updatedestroy__FPQ27AemsDef12DESTROYSTATE	
0x803A44A0	0xBC	UpdateCallFunction__FPQ27AemsDef17CallFunctionState	
0x803A455C	0x1CC	UpdateControlClass__FPQ27AemsDef17ControlClassState	
0x803A4728	0x68	UpdateSetGlobalVariable__FPQ27AemsDef22SetGlobalVariableState	
0x803A4790	0x7C	SNDAEMSI_updatecounter__FPQ27AemsDef12COUNTERSTATE	
0x803A480C	0x5C	SNDAEMSI_updaterandom__FPQ27AemsDef11RANDOMSTATE	
0x803A4868	0x10C	SNDAEMSI_updaterandomshuffle__FPQ27AemsDef18RANDOMSHUFFLESTATE	
0x803A4974	0xB4	SNDAEMSI_updaterandomweighted__FPQ27AemsDef19RANDOMWEIGHTEDSTATE	
0x803A4A28	0x74	SNDAEMSI_updaterangetrig__FPQ27AemsDef14RANGETRIGSTATE	
0x803A4A9C	0xA4	SNDAEMSI_updatedelaytrig__FPQ27AemsDef14DELAYTRIGSTATE	
0x803A4B40	0x60	SNDAEMSI_updatestategen__FPQ27AemsDef13STATEGENSTATE	
0x803A4BA0	0x44	SNDAEMSI_updatemerge__FPQ27AemsDef14MERGETRIGSTATE	
0x803A4BE4	0x3C	SNDAEMSI_envelopeprogramsegment__FPQ27AemsDef13ENVELOPESTATE	
0x803A4C20	0x188	SNDAEMSI_updateenvelope__FPQ27AemsDef13ENVELOPESTATE	
0x803A4DA8	0x254	SNDAEMSI_updatetable__FPQ27AemsDef10TABLESTATE	
0x803A4FFC	0x114	SNDAEMSI_updatedelayline__FPQ27AemsDef14DELAYLINESTATE	
0x803A5110	0x30	SNDAEMSI_updatemux__FPQ27AemsDef8MUXSTATE	
0x803A5140	0x50	SNDAEMSI_updatedemux__FPQ27AemsDef10DEMUXSTATE	
0x803A5190	0x44	SNDAEMSI_updatemin__FPQ27AemsDef8MINSTATE	
0x803A51F0	0x44	SNDAEMSI_updatemax__FPQ27AemsDef8MAXSTATE	
0x803A5250	0xBC	SNDAEMSI_updatescale__FPQ27AemsDef10SCALESTATE	
0x803A530C	0x9C	SNDAEMSI_updatescale2__FPQ27AemsDef11SCALE2STATE	
0x803A53A8	0x3C	SNDAEMSI_updateadd__FPQ27AemsDef8ADDSTATE	
0x803A5460	0x5C	SNDAEMSI_bankpitchmult__Fii	
0x803A5514	0xE8	SNDAEMSI_bankvol__Fii	
0x803A55FC	0x40	SNDAEMSI_bankazimuth__Fii	
0x803A563C	0xA4	SNDAEMSI_bankfxwet0__Fii	
0x803A5770	0x9C	SNDAEMSI_bankdrylevel__Fii	
0x803A5944	0xB0	SNDAEMSI_playerplaybank__FPQ27AemsDef11PLAYERSTATEPQ27AemsDef11SAMPLEENTRY	
0x803A5A18	0x40	SNDAEMSI_playerpausebank__FGQ27AemsDef12PLAYERHANDLE	
0x803A5A58	0xA8	SNDAEMSI_playerunpausebank__FPQ27AemsDef11PLAYERSTATE	
0x803A5B00	0x38	SNDAEMSI_playerresetoutputs__FPQ27AemsDef11PLAYERSTATE	
0x803A5B38	0x1E0	SNDAEMSI_playerupdatebank__FPQ27AemsDef11PLAYERSTATE	
0x803A5D18	0x1FC	SNDAEMSI_updateplayer__FPQ27AemsDef11PLAYERSTATE	
0x803A5F14	0x220	SNDAEMSI_updateoscillator__FPQ27AemsDef15OSCILLATORSTATE	
0x803A6134	0x1AC	SNDAEMSI_updateramp__FPQ27AemsDef9RAMPSTATE	
0x803A62E0	0x4C	SNDAEMSI_updateaddmax__FPQ27AemsDef11ADDMAXSTATE	
0x803A63A0	0x34	SNDAEMSI_SetClassData__FPQ24Csis9ParameterPv	
0x803A63D4	0x3C	CsisFunctionCallback__FPQ24Csis9ParameterPv	
0x803A6410	0x1DC	SNDAEMSI_CreateModuleInstance__FPQ24Csis5ClassPQ24Csis9ParameterPv	
0x803A65EC	0x58	SNDAEMSI_restore__Fv	
0x803A6644	0x1CC	SNDAEMS_removemodulebank	
0x803A6838	0x32C	SNDAEMSI_resolvemodulebank__FPQ27AemsDef10ModuleBankPQ27AemsDef15FUNCFIXUPHEADERPci	
0x803A6B64	0x1B8	SNDAEMS_addmodulebank	
0x803A6D80	0x110	SNDAEMSI_streamgethandle__Fi	
0x803A6F14	0x70	SNDAEMSI_streamvol__Fii	
0x803A6F84	0x70	SNDAEMSI_streamazimuth__Fii	
0x803A6FF4	0x44	SNDAEMSI_streamfxwet0__Fii	
0x803A70C8	0x40	SNDAEMSI_streamdrylevel__Fii	
0x803A710C	0x174	SNDAEMSI_playerplaystream__FPQ27AemsDef11PLAYERSTATEPQ27AemsDef11SAMPLEENTRY	
0x803A7280	0xDC	SNDAEMSI_playerstopstream__FPQ27AemsDef11PLAYERSTATE	
0x803A735C	0x78	SNDAEMSI_playerpausestream__FGQ27AemsDef12PLAYERHANDLE	
0x803A73D4	0xBC	SNDAEMSI_playerunpausestream__FPQ27AemsDef11PLAYERSTATE	
0x803A7490	0x318	SNDAEMSI_playerupdatestream__FPQ27AemsDef11PLAYERSTATE	
0x803A77A8	0x17C	SNDAEMSI_streamsystemtask__Fv	
0x803A7924	0x1B8	SNDAEMS_streaminit	
0x803A7B74	0x78	SNDAEMSI_timerupdate__FPv	
0x803A7BEC	0x40	SNDVOICEI_isreserved__Fii	
0x803A7C2C	0x3C0	SNDVOICEI_alloc__FiiPiii	
0x803A7FEC	0x1A0	SNDVOICEI_free__Fi	
0x803A818C	0x54	SNDVOICEI_get__Fi	
0x803A81E0	0xC8	SNDBANKI_userdatacallback__FP15SNDIPATCHHEADERi	
0x803A82A8	0x190	SNDbankadd	
0x803A8438	0x44	SNDBANKI_alloc__Fv	
0x803A847C	0x40	SNDBANKI_getppatch__FP8BANKVER5i	
0x803A84BC	0x74	SNDbankheadercopy	
0x803A85B0	0x98	SNDBANK_play	
0x803A8648	0x190	SNDbankremove	
0x803A87D8	0x5C	SNDBANKI_valid__Fi	
0x803A888C	0x98	A1cDestructorCallBack__3SndPQ24Csis5ClassPv	
0x803A8924	0xFC	A1cConstructorCallBack__3SndPQ24Csis5ClassPQ24Csis9ParameterPv	
0x803A8A20	0x12C	AddAems1CompatibilitySystem__Q23Snd4AemsPv	
0x803A8B4C	0x90	RemoveAems1CompatibilitySystem__Q23Snd4Aems	
0x803A8E00	0x68	SNDMEMI_init__FPvi	
0x803A8E88	0x204	SNDMEMI_allocz__Fi	
0x803A908C	0xC0	SNDMEMI_free__FPv	
0x803A9170	0x94	SNDpitchmult	
0x803A9204	0x58	SNDplaysetdef	
0x803A925C	0x38	SNDPROFILE_outputlatency	
0x803A9294	0x34	SNDI_randomseed__FUi	
0x803A93D0	0x80	SNDBANKI_asyncresolvepatch__FiP11TAGGEDPATCHPcPi	
0x803A9450	0x6C	SNDSYSI_variabletimerservice__Fv	
0x803A94BC	0x260	SNDSYSI_100hzserver__Fv	
0x803A975C	0x40	SNDSYS_entercritical	
0x803A979C	0x40	SNDSYS_leavecritical	
0x803A9830	0x80	iSNDsin__Fi	
0x803A98B0	0x78	StreamRemoveFaders__3SndP16SNDSTREAMCHANNEL	
0x803A9928	0x2C4	SNDSTRMI_startstream__FP16SNDSTREAMCHANNEL	
0x803A9BEC	0x78	SNDSTRMI_calcdatarate__FP15SNDSAMPLEFORMAT	
0x803A9C64	0x5C	SNDSTRMI_destroyall__Fv	
0x803A9CC0	0x34	SNDSTRMI_getstreamptr__Fi	
0x803A9CF4	0x68	SNDSTRMI_removerequest__Fi	
0x803A9D5C	0x3C	SNDSTRMI_releasecallback__FPvT0	
0x803A9D98	0xA8	SNDSTRMI_framescallback__FiiPv	
0x803A9E40	0x23C	SNDSTRMI_parseheader__FiP14STREAMCHUNKHDR	
0x803AA07C	0x118	SNDSTRMI_parsedata__FP16SNDSTREAMCHANNELP14STREAMCHUNKHDR	
0x803AA194	0x78	SNDSTRMI_parsechunk__FiP14STREAMCHUNKHDR	
0x803AA20C	0xDC	SNDSTRMI_isheld__FP16SNDSTREAMCHANNEL	
0x803AA2E8	0x180	SNDSTRMI_service__Fv	
0x803AA468	0x48	SNDSTRMI_numcreated__Fv	
0x803AA4B0	0x360	SNDSTRMI_create__FP11SNDPLAYOPTSiiPviii	
0x803AA95C	0xBC	SNDSTRM_destroy	
0x803AAB7C	0x2B4	SNDSTRM_setazimuth	
0x803AAE30	0x188	StreamFader__3SndPv	
0x803AAFB8	0x184	SNDSTRM_autovol	
0x803AB13C	0x40	SNDSTRM_createtap	
0x803AB17C	0xFC	SNDSTRM_fxlevel	
0x803AB278	0x98	SNDSTRM_getprogvol	
0x803AB310	0x78	SNDSTRMI_getrequestptr__Fi	
0x803AB480	0x60	SNDstop	
0x803AB4E0	0x48	SNDSTRM_overheadtap	
0x803AB528	0x44	SNDSTRM_overhead	
0x803AB56C	0x5C	SNDSTRM_pitchmult	
0x803AB5F4	0x50	SNDSTRM_drylevel	
0x803AB644	0x214	SNDSTRM_requeststatus	
0x803AB858	0x4C	SNDSTRM_setgreedylevel	
0x803AB8A4	0xE0	SNDSTRM_status	
0x803AB9F0	0x2C4	SNDSTRM_setvol	
0x803ABCB4	0xA4	CapOutputMode__Q23Snd6SystemQ23Snd10OutputModePb	
0x803ABD58	0x78	SetOutputMode__Q23Snd6SystemQ23Snd10OutputMode	
0x803ABDD0	0x10C	SetVoices__Q23Snd6SystemQ23Snd6Devicei	
0x803AC134	0x30	Restore__Q23Snd6System	
0x803AC164	0xB0	SetHeap__Q23Snd6MemoryQ23Snd6DevicePvi	
0x803AC214	0x154	SNDSYS_getopts__FP10SNDSYSOPTS	
0x803AC368	0x12C	SNDSYS_setopts__FP10SNDSYSOPTS	
0x803AC494	0x138	SNDSYSI_init__FPvii	
0x803AC5CC	0xF8	SNDSYS_restore__Fv	
0x803AC6C4	0x100	SNDSYSI_chanpubinit__Fv	
0x803AC7F0	0x9C	iSNDserverremoveclient__FPFv_v	
0x803AC88C	0x78	SNDSYS_service	
0x803AC944	0x3C	VectorToCsisMutex__Q23Snd6System	
0x803AC980	0x84	SNDBANKI_findfreekey__Fv	
0x803ACA04	0x5F8	SNDBANKI_playtimbre__FiiPvP11SNDPLAYOPTSP15SNDIPATCHHEADERiii	
0x803ACFFC	0x25C	SNDBANKI_playpatch__FPvP11TAGGEDPATCHiiP11SNDPLAYOPTS	
0x803AD2F0	0x6A4	SNDI_parsetimbre__FPPvP15SNDIPATCHHEADER	
0x803ADA2C	0x17C	SNDvol	
0x803ADBA8	0x160	SNDPLATFORM_setfxlevel__Fii	
0x803ADD08	0x44	SNDDRV_DSPMixerResetChannel__FP16SNDDRVMIXCHANNEL	
0x803ADD4C	0xD8	SNDDRV_DSPMixerSetPan__FP6_AXVPBPfUsi	
0x803ADE24	0x74	SNDDRV_DSPMixerSetAuxBus__FP6_AXVPBUsi	
0x803ADE98	0x54	SNDDRV_DSPMixerInit__Fi	
0x803ADEEC	0x1F4	SNDDRV_DSPMixerInitChannel__FP6_AXVPBUliUsUsPfUsi	
0x803AE124	0x42C	SNDDRV_DSPMixerUpdate__Fv	
0x803AE550	0x9C	SNDDRV_freenextframe__Fv	
0x803AE618	0xD8	SNDDRV_callbackdropvoice__FPv	
0x803AE6F0	0x274	SNDDRV_allocateaxvoice__Fi	
0x803AE964	0x114	SNDDRV_freeaxvoice__Fii	
0x803AEA78	0x8C	SNDDRV_dmaslotenter__Fi	
0x803AEB04	0x4C	SNDDRV_dmcallback__FUl	
0x803AEB50	0x120	SNDDRV_dmapost__FUlPvT1Uli	
0x803AEC70	0x98	SNDDRV_restoredma__Fi	
0x803AED08	0x190	SNDDRV_audiocallback__FPvT0	
0x803AEF88	0x8C	SNDDRV_restoremixer__Fv	
0x803AF014	0x224	SNDDRV_fillbufwithpackets__FiP13SNDDRVPKTCHANP7CHANPUB	
0x803AF238	0x13C	SNDDRV_thread__FPv	
0x803AF374	0xB8	SNDPLATFORM_outputcaps__Fv	
0x803AF42C	0x1F0	SNDPLATFORM_outputset__Fv	
0x803AF61C	0x318	SNDPLATFORM_init__F9StartMode	
0x803AF934	0x8C	SNDPLATFORM_restore__F9StartMode	
0x803AF9C0	0x384	iSNDserve__Fv	
0x803AFD44	0x44	SNDPLATFORM_getvoicerange__FiPiT1	
0x803AFD88	0x38	SNDPLATFORM_asyncresolvetimbre__FP15SNDIPATCHHEADERPcPi	
0x803AFDC0	0x50C	SNDPLATFORM_playtimbre__FP15SNDIPATCHHEADERPviiii	
0x803B02CC	0x30	SNDDRV_getmastervoice__Fi	
0x803B02FC	0x64	SNDDRV_getsamplechan__Fi	
0x803B0368	0xC4	SNDPLATFORM_packetplaycreate__FiPv	
0x803B042C	0x2E8	SNDPLATFORM_packetplay__FiiiiiP15SNDSAMPLEFORMATP13SNDSAMPLEATTR	
0x803B0714	0x84	SNDPLATFORM_packetplaydestroy__Fi	
0x803B07A0	0x14C	SetVol__Q23Snd3Hali	
0x803B08EC	0x3C	SetDry__Q23Snd3Hali	
0x803B0928	0x1F0	SetPan__Q23Snd3Hali	
0x803B0B18	0x158	SNDPLATFORM_setpitch__Fi	
0x803B0C70	0x8C	SNDPLATFORM_timemult__Fii	
0x803B0CFC	0xF0	SNDPLATFORM_lowpass__Fii	
0x803B0DEC	0x88	SNDPLATFORM_highpass__Fii	
0x803B0E74	0xB0	SNDPLATFORM_getcurframe__Fi	
0x803B0F24	0x15C	SNDPLATFORM_stop__Fi	
0x803B1080	0x98	SNDPLATFORM_filteradd__FiP12SNDFILTERDEF	
0x803B1118	0x44	SNDPLATFORM_memalloc__Fii	
0x803B115C	0x4C	SNDPLATFORM_memfree__FiUi	
0x803B11A8	0x54	SNDPLATFORM_download__FiPvT1i	
0x803B11FC	0xA8	SNDPLATFORM_downloadcomplete__Fi	
0x803B1320	0x44	SNDPLATFORM_ModeSetUp__FP10SNDSYSOPTSQ23Snd10OutputMode	
0x803B1378	0xA4	MIX_createFxglobals	
0x803B141C	0xB4	MIX_destroyFxglobals	
0x803B14D0	0x84	SNDSYS_linkmaincpumixer	
0x803B1554	0x1A0	MIXI_interpolateto0__FPfT0	
0x803B16F4	0x1C8	MIXI_interpolatemix	
0x803B18C0	0x230	SNDMIXI_volramp__FP11SNDMIXVOICE	
0x803B1DF0	0xD8	MIX_destroy	
0x803B1EF4	0x214	MIX_playinit	
0x803B2108	0xA4	MIX_play	
0x803B21AC	0x40	MIXI_stop__Fi	
0x803B21EC	0x100	MIX_stop	
0x803B22EC	0x34	SNDMIX_setdrygain	
0x803B2320	0x34	SNDMIX_setwetgain	
0x803B270C	0x88	MIX_filteradd	
0x803B2794	0x48	MIX_getframe	
0x803B27DC	0xD0	MIX_sethighpass	
0x803B28AC	0x14C	MIX_setlowpass	
0x803B29F8	0xBC	MIX_setpitch	
0x803B2AB4	0x3C	MIX_settimemult	
0x803B2AF0	0x11C	crossfade__FPfN20ii	
0x803B2C0C	0x14C	determineaction__FifPPUcPf	
0x803B2D58	0x154	applyaction__FP16TIMESTRETCHSTATEPPfi	
0x803B2EAC	0x9C	transferframes__FP16TIMESTRETCHSTATEPiPPf	
0x803B2F48	0x124	stretchframesneeded__FPvi	
0x803B306C	0x148	stretch__FPviPfT2	
0x803B31B4	0x40	SFILTER_timestretchsetratio__FP16TIMESTRETCHSTATEi	
0x803B343C	0x58	decode16x87	
0x803B3494	0x6C	SNDI_equalpower__FP11SNDGAINPAIRfff	
0x803B3908	0x9C	SNDI_aztospkrvol__FiPf	
0x803B39A4	0x40	SNDI_freespkrtable__Fv	
0x803B39E4	0x1B4	SNDI_spkrconfig__Fv	
0x803B3B98	0x8C	iSNDdetunetolinear__Fi	
0x803B3C24	0xD4	iSNDcalcpitch__Fi	
0x803B3D60	0xB8	SNDCTRL_drylevel	
0x803B3E18	0x70	SetDefaultAzimuths__Q23Snd4UtilP7CHANPUB	
0x803B3EA8	0xB8	SNDfxlevel	
0x803B3F60	0x80	SNDI_getb__FPvi	
0x803B3FE0	0x94	SNDCTRL_getprogvol	
0x803B4074	0xEC	SNDI_gettag__FP10SNDTAGINFO	
0x803B41C8	0x168	iSNDcalcvol__Fi	
0x803B4344	0x3C	SNDLINKI_push__FP11SNDLINKLISTP11SNDLINKNODE	
0x803B4380	0x3C	SNDLINKI_pushtail__FP11SNDLINKLISTP11SNDLINKNODE	
0x803B43BC	0x40	SNDLINKI_pop__FP11SNDLINKLIST	
0x803B43FC	0x60	SNDLINKI_remove__FP11SNDLINKLISTP11SNDLINKNODE	
0x803B44E4	0x98	SNDI_cos__Ff	
0x803B457C	0x94	SNDI_sin__Ff	
0x803B4624	0x51C	SNDI_patchtohdr__FPvP11TAGGEDPATCHP15SNDSAMPLEFORMATP13SNDSAMPLEATTRP13SNDSAMPLEDESCPUc	
0x803B4B40	0xAC	iSNDpatchkey__FiPi	
0x803B4BEC	0x88	SNDPKTPLAYI_voicetopackethandle__Fi	
0x803B4C74	0x54	SNDPKTPLAYI_gethighchannel__Fii	
0x803B4CD4	0x34	SNDPKTPLAY_overhead	
0x803B4D08	0xF4	SNDPKTPLAY_create	
0x803B4DFC	0x458	SNDPKTPLAY_start	
0x803B5254	0x128	SNDPKTPLAY_submit	
0x803B537C	0x60	SNDPKTPLAY_submitspace	
0x803B5408	0xA0	SNDPKTPLAY_stop	
0x803B54A8	0x54	SNDPKTPLAY_destroy	
0x803B54FC	0x23C	SNDPKTPLAYI_get__FiiPiT2	
0x803B5738	0x6C	SNDPKTPLAYI_freeframes__Fiii	
0x803B57A4	0xB0	SNDPKTPLAYI_flushcallbackdata__Fv	
0x803B58E8	0xBC	SNDI_validrendermode__FPiP15SNDIPATCHHEADER	
0x803B59A4	0x5C	randrange__Fi	
0x803B5A28	0x50	SNDARAM_init__Fi	
0x803B5A78	0x54	SNDARAM_setpool__FUii	
0x803B5ACC	0x50	SNDARAM_restore__Fv	
0x803B5B1C	0x50	SNDARAM_constrain__FPUiPi	
0x803B5B6C	0x1C4	SNDARAM_alloc__Fi	
0x803B5D30	0x9C	SNDARAM_free__FUi	
0x803B5DCC	0x60	SFILTER_ft24_32__FPviT0T0i	
0x803B5E44	0x80	SFILTER_hpfFIR8__FPviT0T0i	
0x803B5EC4	0x54	SFILTER_createHPFFIR8__FP8HPFSTATE	
0x803B5F18	0x84	SFILTER_modifyHPFFIR8__FP8HPFSTATEPi	
0x803B5F9C	0x68	SFILTER_add	
0x803B6004	0x7C	SFILTER_remove	
0x803B6080	0x3A8	calcFIRCoeffs__FP11SNDFIRSTATEi	
0x803B6454	0xC0	SNDI_fir8__FP11SNDFIRSTATEiPvT2	
0x803B6514	0xA8	SFILTER_lpfRC__FPviT0T0i	
0x803B65BC	0x40	SFILTER_createLPFRC__FP10LPFRCSTATE	
0x803B65FC	0xD0	SFILTER_modifyLPFRC__FP10LPFRCSTATEPi	
0x803B66D4	0x2D8	SFILTER_rsf__FPviT0T0i	
0x803B69AC	0x5C	SFILTER_rsfinit__FP8RSFSTATEii	
0x803B6A08	0x48	MIXI_initunpack16	
0x803B6A50	0x60	MIXI_initunpackmt	
0x803B6AB0	0x48	MIXI_initunpackxa	
0x803B6AF8	0x30	mixc	
0x803B6B30	0xD8	SFILTER_unpackf__FPviT0T0i	
0x803B6C08	0x40	SFILTER_unpackfinit__FPvP16UNPACKINITPARAMS	
0x803B6C50	0xBC	SFILTER_unpacklf__FPviT0T0i	
0x803B6D0C	0x44	SFILTER_unpacklfinit__FPvP16UNPACKINITPARAMS	
0x803B6D58	0x90	SFILTER_unpackmtf__FPviT0T0i	
0x803B6E14	0x100	SFILTER_unpackmtfinit__FPvP16UNPACKINITPARAMS	
0x803B6F1C	0xC8	SFILTER_unpackmtlf__FPviT0T0i	
0x803B7010	0xE0	SFILTER_unpackmtlfinit__FPvP16UNPACKINITPARAMS	
0x803B70F0	0x258	SFILTER_unpackmtpf__FPviT0T0i	
0x803B7374	0x90	SFILTER_unpackmtpfinit__FPvP16UNPACKINITPARAMS	
0x803B7404	0x130	SFILTER_unpackpf__FPviT0T0i	
0x803B7534	0x74	SFILTER_unpackpfinit__FPvP16UNPACKINITPARAMS	
0x803B75A8	0x94	SFILTER_unpackxaf__FPviT0T0i	
0x803B7670	0x90	SFILTER_unpackxafinit__FPvP16UNPACKINITPARAMS	
0x803B7700	0x288	SFILTER_unpackxalf__FPviT0T0i	
0x803B79BC	0xD8	SFILTER_unpackxalfinit__FPvP16UNPACKINITPARAMS	
0x803B7A94	0x1B8	SFILTER_unpackxapf__FPviT0T0i	
0x803B7C78	0x90	SFILTER_unpackxapfinit__FPvP16UNPACKINITPARAMS	
0x803B7D08	0x98	SND_attrsetdef	
0x803B7DA0	0x208	SNDI_patchtohdrgen__FPvPQ29Sndgendef14GENTAGGEDPATCHP15SNDSAMPLEFORMATP13SNDSAMPLEATTRP13SNDSAMPLEDESC	
0x803B7FA8	0x11C	process_raw_block__3SndPQ23Snd10MXAPACKETF	
0x803B80C4	0x150	decodexac__3SndPQ23Snd10MXAPACKETF	
0x803B8294	0x3C	Feed__Q23Snd12CEAXABLKDecfPvii	
0x803B82D0	0x1B8	Decode__Q23Snd12CEAXABLKDecfPPfi	
0x803B8488	0x30	GetState__Q23Snd12CEAXABLKDecf	
0x803B8524	0x60	getbits__3SndPQ23Snd15UTALKSTATE_CODAi	
0x803B8584	0x48	discardbits__3SndPQ23Snd15UTALKSTATE_CODAi	
0x803B85CC	0x1F8	readsamples__3SndPQ23Snd15UTALKSTATE_CODAiPfi	
0x803B87C4	0x68	interpolate__3SndPf	
0x803B882C	0xF4	reftolpc__3SndPfT1	
0x803B8920	0x5C0	filter__3SndPQ23Snd15UTALKSTATE_CODAii	
0x803B8EE0	0x170	initmut__Q23Snd10CMTBLKDecfPUcPQ23Snd15UTALKSTATE_CODAi	
0x803B9050	0x3F8	decodemut__3SndPQ23Snd15UTALKSTATE_CODA	
0x803B9448	0x30	__Q23Snd10CMTBLKDecf	
0x803B9478	0x90	Feed__Q23Snd10CMTBLKDecfPvii	
0x803B9508	0x228	Decode__Q23Snd10CMTBLKDecfPPfi	
0x803B9730	0x40	GetState__Q23Snd10CMTBLKDecf	
0x803B9794	0xC4	rsflc	
0x803B9BC0	0xEC	SetFast__Q24Csis20GlobalVariableHandlePCQ24Csis11InterfaceId	
0x803B9CFC	0x54	SendParameters__Q24Csis9ClassDataPQ24Csis9Parameter	
0x803B9D84	0x44	Init__Q24Csis6System	
0x803B9E34	0x188	Subscribe__Q24Csis6SystemPv	
0x803B9FBC	0xE8	Unsubscribe__Q24Csis6SystemPv	
0x803BA0A4	0x74	CallFast__Q24Csis8FunctionPQ24Csis14FunctionHandlePv	
0x803BA240	0x50	CreateInstance__Q24Csis5ClassPQ24Csis11ClassHandlePvPPQ24Csis5Class	
0x803BA290	0xE8	CreateInstanceFast__Q24Csis5ClassPQ24Csis11ClassHandlePvPPQ24Csis5Class	
0x803BA378	0x40	Release__Q24Csis5Class	
0x803BA3B8	0x94	ReleaseFast__Q24Csis5Class	
0x803BA474	0x5C	DecRef__Q24Csis5Class	
0x803BA80C	0x88	SetFast__Q24Csis14GlobalVariablePQ24Csis20GlobalVariableHandlePv	
0x803BA894	0x78	SubscribeFast__Q24Csis14GlobalVariablePQ24Csis20GlobalVariableHandlePQ24Csis14FunctionClient	
0x803DBF98	0x30	LLShimmerShutdown__Fv	
0x803E6FB8	0x30	GaugesMgr_BeginShareDraft__FScPC5Car_t	
0x803FB0C0	0x38	_HuffDecStop	
0x803FCCCC	0x40	validatehandle	
0x803FCD0C	0x40	inbetween	
0x803FCF1C	0x80	freerequest	
0x803FDBC4	0xBC	STREAM_setfilter	
0x803FDD78	0x74	STREAM_setgreedylevel	
0x803FDE54	0x6C	STREAM_taphandle	
0x803FE994	0x5C	STREAM_isendofstream	
0x803FE9F0	0x48	STREAM_buffersize	
0x80406DD4	0x8C	DoFSReadHeader	
0x80406E60	0x5C	InitReadCounts	
0x80406EBC	0x8C	PCreadAsyncNext	
0x80406F48	0xA4	PCreadAsyncInit	
0x80406FEC	0xA0	ReadSyncNext	
0x8040708C	0x184	CompletePCreadAsync	
0x80407210	0xA8	PCrwAsyncFSACK	
0x804072B8	0xD8	PCrwSyncFSACK	
0x80407390	0x54	CompleteAsync	
0x804073E4	0x74	PCrwAsyncNextPh	
0x80407458	0x13C	EXI2TCHandler	
0x80407594	0x70	SNInitEXI2TCHandler	
0x80407648	0x88	ForceDvdTcIrq	
0x804076D0	0x44	ForceDvdDeIrq	
0x80407714	0x80	DvdCallback	
0x80407BA8	0xBC	SNDVDEmuControl	
0x80409BBC	0x34	vprintf	
0x80409DD4	0x98	bsearch	
0x8040BAA0	0x5C	strround	
0x8040BAFC	0x4C	strrev	
0x8040BB48	0x7C	itoa	
0x8040BBC4	0x4E8	fftoa	
0x8040C180	0xD8	vfprintf	
0x8040ECE8	0x174	sn_floor	
0x8040EE5C	0x35C	sn_fmod	
0x8040F1B8	0x2FC	sn_log	
0x8040F4B4	0x148	sn_log10	
0x8040FBE0	0xC0	memchr	
0x8040FF1C	0x290	log	
0x804101AC	0x214	sqrt	
0x804105F8	0x3C	fabs	
0x80410634	0x15C	floor	
0x80410790	0xE0	sin	
0x80410870	0x24C	acosf	
0x80410ABC	0x22C	asinf	
0x80410CE8	0x220	atan2f	
0x80410F08	0x280	logf	
0x80411188	0xF8	sqrtf	
0x80411280	0x210	atanf	
0x80411490	0xC4	ceilf	
0x80411554	0xDC	cosf	
0x80411654	0xC8	floorf	
0x8041171C	0xDC	sinf	
0x804117F8	0x80	tanf	
0x80411878	0xF4	__kernel_cos	
0x8041196C	0xAC	__kernel_sin	
0x80411A18	0x364	__ieee754_rem_pio2	
0x80411D7C	0xEC	__kernel_cosf	
0x80411E68	0xAC	__kernel_sinf	
0x80411F14	0x214	__kernel_tanf	
0x80412128	0x350	__ieee754_rem_pio2f	
0x80412478	0x888	__kernel_rem_pio2	
0x80412D00	0x884	__kernel_rem_pio2f	
0x80413584	0x154	scalbn	
0x804136D8	0x11C	scalbnf	
0x804137F4	0x50	copysign	
0x80413844	0x34	copysignf	
0x80413878	0x90	__do_global_ctors	
0x80413908	0x38	__main	
0x80413940	0x40	__ashldi3	
0x80413980	0x40	__ashrdi3	
0x804139C0	0x57C	__divdi3	
0x80413F44	0x40	__lshrdi3	
0x80413F84	0x534	__moddi3	
0x804144D8	0x4E4	__udivdi3	
0x804149BC	0x498	__umoddi3	
0x80414E90	0x34	eh_context_initialize	
0x80414EC4	0x6C	eh_context_static	
0x80414F74	0x88	AIInitDMA	
0x8041502C	0xD8	AISetStreamPlayState	
0x80415114	0xE0	AISetDSPSampleRate	
0x80415208	0xD4	__AI_set_stream_sample_rate	
0x80415344	0x16C	AIInit	
0x804154B0	0x7C	__AISHandler	
0x8041552C	0xAC	__AIDHandler	
0x804155D8	0x58	__AICallbackStackSwitch	
0x80415630	0x1E4	__AI_SRC_INIT	
0x80415880	0x3C	ARGetDMAStatus	
0x804158BC	0xF0	ARStartDMA	
0x804159AC	0xC4	ARInit	
0x80415A78	0x78	__ARHandler	
0x80415B20	0x17F4	__ARChecksize	
0x80417314	0x100	__ARQServiceQueueLo	
0x80417418	0xCC	__ARQInterruptServiceRoutine	
0x804174E4	0x70	ARQInit	
0x80417554	0x15C	ARQPostRequest	
0x804176B0	0xE8	ARQRemoveRequest	
0x804177BC	0x4C	AXInitEx	
0x80417808	0x34	AXQuit	
0x80417854	0x74	__AXServiceCallbackStack	
0x80417A7C	0x94	__AXRemoveFromStack	
0x80417B10	0x80	AXFreeVoice	
0x80417B90	0x174	AXAcquireVoice	
0x80417D04	0xE4	__AXAuxInit	
0x80417F50	0x23C	__AXProcessAux	
0x804181A0	0x3C	__AXGetCommandListAddress	
0x804181DC	0x6B0	__AXNextFrame	
0x804188D0	0x1B8	__AXOutNewFrame	
0x80418A88	0xBC	__AXOutAiCallback	
0x80418B50	0x58	__AXDSPResumeCallback	
0x80418BD4	0xCC	__AXOutInitDSP	
0x80418CA0	0x3A0	__AXOutInit	
0x80419040	0x58	__AXOutQuit	
0x804190A4	0x3F8	__AXPrintStudio	
0x804194CC	0x94	__AXDepopVoice	
0x80419568	0x74C	__AXServiceVPB	
0x80419CB4	0x278	__AXSyncPBs	
0x8041A184	0xC4	AXSetVoiceSrcType	
0x8041A248	0x5C	AXSetVoiceState	
0x8041A2A4	0x110	AXSetVoiceAddr	
0x8041A3B4	0xA4	AXSetVoiceAdpcm	
0x8041A458	0x98	AXSetVoiceSrcRatio	
0x8041A4F0	0x6C	AXSetVoiceAdpcmLoop	
0x8041A55C	0x48	__AXGetCurrentProfile	
0x8041A6C8	0x34	__CARDSyncCallback	
0x8041A6FC	0xD8	__CARDExtHandler	
0x8041A7D4	0x118	__CARDExiHandler	
0x8041A8EC	0xA8	__CARDTxHandler	
0x8041A994	0x84	__CARDUnlockedHandler	
0x8041AA18	0xC0	__CARDEnableInterrupt	
0x8041ACB8	0xAC	__CARDClearStatus	
0x8041AD64	0xA4	TimeoutHandler	
0x8041B0A8	0x110	UnlockedCallback	
0x8041B3DC	0x134	__CARDReadSegment	
0x8041B75C	0xAC	CARDInit	
0x8041B810	0x38	__CARDSetDiskID	
0x8041B848	0xB8	__CARDGetControlBlock	
0x8041B900	0x64	__CARDPutControlBlock	
0x8041B964	0x150	CARDFreeBlocks	
0x8041BB38	0x98	__CARDSync	
0x8041BBD0	0x50	OnReset	
0x8041BC78	0xD4	WriteCallback	
0x8041BE14	0x118	__CARDAllocBlock	
0x8041BF2C	0x9C	__CARDFreeBlock	
0x8041BFC8	0xAC	__CARDUpdateFatBlock	
0x8041C07C	0xD0	WriteCallback	
0x8041C214	0xC4	__CARDUpdateDir	
0x8041C2D8	0x1B0	__CARDCheckSum	
0x8041C488	0x284	VerifyID	
0x8041C70C	0x240	VerifyDir	
0x8041C94C	0x284	VerifyFAT	
0x8041CBD0	0x8C	__CARDVerify	
0x8041CC5C	0x590	CARDCheckExAsync	
0x8041D1EC	0x54	CARDCheck	
0x8041D240	0xCC	IsCard	
0x8041D30C	0x17C	CARDProbeEx	
0x8041D8DC	0x138	__CARDMountCallback	
0x8041DA14	0x1A0	CARDMountAsync	
0x8041DBFC	0x9C	DoUnmount	
0x8041DC98	0xAC	CARDUnmount	
0x8041DD44	0x144	FormatCallback	
0x8041DE88	0x658	__CARDFormatRegionAsync	
0x8041E534	0x68	__CARDCompareFileName	
0x8041E59C	0x94	__CARDAccess	
0x8041E630	0x134	__CARDIsWritable	
0x8041E764	0xF4	__CARDIsReadable	
0x8041E858	0x150	__CARDGetFileNo	
0x8041E9A8	0x104	CARDFastOpen	
0x8041EBC8	0x54	CARDClose	
0x8041EC24	0x130	CreateCallbackFat	
0x8041ED54	0x220	CARDCreateAsync	
0x8041EF74	0x48	CARDCreate	
0x8041EFBC	0x1B8	__CARDSeek	
0x8041F174	0x130	ReadCallback	
0x8041F2A4	0x144	CARDReadAsync	
0x8041F430	0x170	WriteCallback	
0x8041F5A0	0xB0	EraseCallback	
0x8041F650	0x114	CARDWriteAsync	
0x8041F7AC	0xA4	DeleteCallback	
0x8041F850	0x12C	CARDFastDeleteAsync	
0x8041F9C4	0x110	CARDDeleteAsync	
0x8041FB1C	0x1F8	UpdateIconOffsets	
0x8041FD14	0x114	CARDGetStatus	
0x8041FE28	0x174	CARDSetStatusAsync	
0x80420354	0x16C	bitrev	
0x804204C0	0x144	ReadArrayUnlock	
0x80420604	0xC4	DummyLen	
0x804206C8	0xB58	__CARDUnlock	
0x80421220	0x70	InitCallback	
0x80421290	0x324	DoneCallback	
0x80421690	0x64	__CARDRead	
0x80421BAC	0x48	__DBExceptionDestinationAux	
0x80421CBC	0xC4	DSPInit	
0x80421D88	0x70	DSPAddTask	
0x80421DF8	0x40	DSPCancelTask	
0x80421E38	0xC8	DSPAssertTask	
0x80421F50	0x424	__DSPHandler	
0x80422374	0x1A0	__DSP_exec_task	
0x80422514	0x18C	__DSP_boot_task	
0x804226A0	0xA0	__DSP_insert_task	
0x80422740	0x94	__DSP_remove_task	
0x804227D4	0x38	__DVDFSInit	
0x8042280C	0x2F4	DVDConvertPathToEntrynum	
0x80422B74	0xC8	DVDOpen	
0x80422C60	0x160	entryToPath	
0x80422DC0	0xC4	DVDGetCurrentDir	
0x80422FA4	0x30	cbForReadAsync	
0x804230B0	0x94	stateReadingFST	
0x80423270	0x34	stateTimeout	
0x804232CC	0xB4	CategorizeError	
0x80423828	0xE0	stateCheckID	
0x804239D8	0x38	stateCheckID2	
0x80423CD4	0x44	AlarmHandler	
0x80423DEC	0x30	stateCoverClosed_CMD	
0x80424C14	0xDC	DVDReadAbsAsyncPrio	
0x80424CF0	0xD0	DVDReadAbsAsyncForBS	
0x80424DC0	0xD4	DVDReadDiskID	
0x80424E94	0xBC	DVDCancelStreamAsync	
0x80424F50	0xD0	DVDInquiryAsync	
0x80425020	0x44	DVDReset	
0x80425064	0x4C	DVDGetCommandBlockStatus	
0x804250B0	0xAC	DVDGetDriveStatus	
0x8042516C	0x50	DVDResume	
0x804251BC	0x27C	DVDCancelAsync	
0x80425438	0xAC	DVDCancel	
0x80425510	0xF8	DVDCheckDisk	
0x80425608	0x11C	__DVDPrepareResetAsync	
0x8042575C	0x38	__DVDClearWaitingQueue	
0x80425794	0x68	__DVDPushWaitingQueue	
0x804257FC	0xA0	__DVDPopWaitingQueue	
0x8042589C	0x58	__DVDCheckWaitingQueue	
0x804258F4	0x60	__DVDDequeueWaitingQueue	
0x80425954	0x11C	ErrorCode2Num	
0x80425A70	0x7C	__DVDStoreErrorCode	
0x80425AEC	0xF8	DVDCompareDiskID	
0x80425BE4	0x30	__DVDPrintFatalMessage	
0x80425C14	0xD8	cb	
0x80425CEC	0x168	__fstLoad	
0x80425E54	0x40	__DVDInitWA	
0x80425E94	0x2E0	__DVDInterruptHandler	
0x80426174	0x84	AlarmHandler	
0x804261F8	0x70	AlarmHandlerForTimeout	
0x80426268	0x110	Read	
0x80426378	0x80	SeekTwiceBeforeRead	
0x804263F8	0x298	DVDLowRead	
0x80426690	0x94	DVDLowSeek	
0x80426750	0xA4	DVDLowReadDiskID	
0x8042690C	0x9C	DVDLowInquiry	
0x804269A8	0x98	DVDLowAudioStream	
0x80426A40	0x8C	DVDLowRequestAudioStatus	
0x80426ACC	0x9C	DVDLowAudioBufferConfig	
0x80426B68	0xBC	DVDLowReset	
0x80426C54	0x44	__DVDLowSetWAType	
0x80426CD0	0xF4	SetExiInterruptMask	
0x80426DC4	0x25C	EXIImm	
0x80427020	0xA0	EXIImmEx	
0x804270C0	0xEC	EXIDma	
0x804271AC	0x24C	EXISync	
0x804273F8	0x48	EXIClearInterrupts	
0x80427440	0x7C	EXISetExiCallback	
0x804274BC	0x174	__EXIProbe	
0x80427630	0x80	EXIProbe	
0x804276B0	0xB4	EXIProbeEx	
0x80427764	0x10C	EXIAttach	
0x80427870	0xBC	EXIDetach	
0x8042792C	0x12C	EXISelect	
0x80427A58	0x110	EXIDeselect	
0x80427B68	0xC8	EXIIntrruptHandler	
0x80427C30	0x218	TCIntrruptHandler	
0x80427E48	0xD0	EXTIntrruptHandler	
0x80427F18	0x1D4	EXIInit	
0x804280EC	0xF4	EXILock	
0x804281E0	0xDC	EXIUnlock	
0x804282FC	0x3B0	EXIGetID	
0x804286AC	0x18C	ProbeBarnacle	
0x80428838	0x1BC	__OSEnableBarnacle	
0x804289F4	0x70	InitializeUART	
0x80428C64	0xFC	__GXDefaultTexRegionCallback	
0x80428D84	0x190	__GXShutdown	
0x804296B8	0x938	__GXInitGX	
0x80429FF0	0x134	GXCPInterruptHandler	
0x8042A124	0x6C	GXInitFifoBase	
0x8042A190	0x70	GXInitFifoPtrs	
0x8042A20C	0x128	GXSetCPUFifo	
0x8042A334	0x178	GXSetGPFifo	
0x8042A4AC	0x98	GXGetFifoPtrs	
0x8042A588	0x8C	GXEnableBreakPt	
0x8042A614	0x54	GXDisableBreakPt	
0x8042A668	0x4C	__GXFifoInit	
0x8042A6FC	0x34	__GXFifoLink	
0x8042A730	0x30	__GXWriteFifoIntEnable	
0x8042A760	0x30	__GXWriteFifoIntReset	
0x8042A790	0x100	__GXCleanGPFifo	
0x8042A8A0	0x108	GXRedirectWriteGatherPipe	
0x8042A9A8	0x1A0	GXRestoreWriteGatherPipe	
0x8042AB48	0x26C	GXSetVtxDesc	
0x8042ADB4	0x288	GXSetVtxDescv	
0x8042B03C	0xBC	__GXSetVCD	
0x8042B0F8	0x124	__GXCalculateVLim	
0x8042B21C	0x1B4	GXGetVtxDesc	
0x8042B460	0x38	GXClearVtxDesc	
0x8042B498	0x25C	GXSetVtxAttrFmt	
0x8042B6F4	0x280	GXSetVtxAttrFmtv	
0x8042B9FC	0x280	GXGetVtxAttrFmt	
0x8042BCD0	0x280	GXSetTexCoordGen2	
0x8042BF50	0x3C	GXSetNumTexGens	
0x8042BF8C	0x94	GXSetMisc	
0x8042C020	0x5C	GXFlush	
0x8042C07C	0x16C	__GXAbort	
0x8042C464	0x80	GXDrawDone	
0x8042C554	0x64	GXPokeBlendMode	
0x8042C670	0x88	GXTokenInterruptHandler	
0x8042C73C	0x80	GXFinishInterruptHandler	
0x8042C7BC	0x74	__GXPEInit	
0x8042C830	0x80	__GXSetDirtyState	
0x8042C8B0	0xD0	GXBegin	
0x8042C980	0x88	__GXSendFlushPrim	
0x8042CA08	0x40	GXSetLineWidth	
0x8042CA48	0x40	GXSetPointSize	
0x8042CA88	0x48	GXEnableTexOffsets	
0x8042CB14	0x34	GXSetCoPlanar	
0x8042CDA8	0x34	GXSetDispCopyDst	
0x8042CDDC	0x130	GXSetTexCopyDst	
0x8042CF30	0x58	GXSetCopyClamp	
0x8042D1C0	0xCC	GXSetDispCopyYScale	
0x8042D28C	0x78	GXSetCopyClear	
0x8042D304	0x208	GXSetCopyFilter	
0x8042D520	0x168	GXCopyDisp	
0x8042D688	0x18C	GXCopyTex	
0x8042D814	0x38	GXClearBoundingBox	
0x8042D84C	0x190	GXInitLightSpot	
0x8042D9F8	0x7C	GXLoadLightObjImm	
0x8042DC44	0x3C	GXSetNumChans	
0x8042DD30	0x64	__GXGetTexTileShift	
0x8042DD94	0x15C	GXGetTexBufferSize	
0x8042DEF0	0xC8	__GetImageTileCount	
0x8042DFB8	0x24C	GXInitTexObj	
0x8042E204	0x48	GXInitTexObjCI	
0x8042E24C	0x164	GXInitTexObjLOD	
0x8042E414	0x17C	GXLoadTexObjPreLoaded	
0x8042E590	0x54	GXLoadTexObj	
0x8042E5E4	0x38	GXInitTlutObj	
0x8042E61C	0x98	GXLoadTlut	
0x8042E6B4	0xF4	GXInitTexCacheRegion	
0x8042E7A8	0x38	GXInitTlutRegion	
0x8042E7E0	0x48	GXInvalidateTexAll	
0x8042E850	0xA0	__SetSURegs	
0x8042E8F0	0x17C	__GXSetSUTexRegs	
0x8042EA6C	0x354	__GXSetTmemConfig	
0x8042EDC0	0x6C	GXSetTevIndirect	
0x8042EE2C	0x178	GXSetIndTexMtx	
0x8042EFA4	0x144	GXSetIndTexCoordScale	
0x8042F0E8	0xEC	GXSetIndTexOrder	
0x8042F2E0	0x8C	GXSetTevOp	
0x8042F36C	0x44	GXSetTevColorIn	
0x8042F3B0	0x44	GXSetTevAlphaIn	
0x8042F528	0x5C	GXSetTevKColorSel	
0x8042F584	0x5C	GXSetTevKAlphaSel	
0x8042F5E0	0x48	GXSetTevSwapMode	
0x8042F628	0x80	GXSetTevSwapModeTable	
0x8042F6A8	0x44	GXSetAlphaCompare	
0x8042F6EC	0x8C	GXSetZTexture	
0x8042F778	0x19C	GXSetTevOrder	
0x8042FD00	0x124	GXSetFogRangeAdj	
0x8042FE24	0x54	GXSetBlendMode	
0x8042FED0	0x34	GXSetZMode	
0x8042FF04	0x34	GXSetZCompLoc	
0x8042FF38	0xD4	GXSetPixelFmt	
0x80430038	0x3C	GXSetDstAlpha	
0x80430074	0x38	GXSetFieldMask	
0x804300AC	0x78	GXSetFieldMode	
0x80430124	0x70	GXCallDisplayList	
0x80430194	0xA4	GXSetProjection	
0x80430238	0x8C	GXSetProjectionv	
0x804302C4	0x50	GXLoadPosMtxImm	
0x80430314	0x50	GXLoadNrmMtxImm	
0x80430364	0x34	GXSetCurrentMtx	
0x80430398	0xB4	GXLoadTexMtxImm	
0x8043044C	0x90	__GXSetViewport	
0x804304DC	0x58	GXSetViewportJitter	
0x80430534	0x48	GXSetViewport	
0x8043057C	0x78	GXSetScissor	
0x804305F4	0x40	GXSetScissorBoxOffset	
0x8043065C	0x84	__GXSetMatrixIndex	
0x804306E0	0x848	GXSetGPMetric	
0x80430F28	0x1A8	GXReadGPMetric	
0x8043124C	0xCC	PSMTXConcat	
0x80431564	0x98	C_MTXOrtho	
0x80431700	0x128	__OSFPRInit	
0x80431850	0x3C	InquiryCallback	
0x80431D6C	0x280	OSExceptionInit	
0x80432044	0x9C	OSExceptionVector	
0x804320E0	0x58	OSDefaultExceptionHandler	
0x80432138	0x54	__OSPSInit	
0x80432234	0x250	InsertAlarm	
0x80432484	0x68	OSSetAlarm	
0x80432568	0x11C	OSCancelAlarm	
0x80432684	0x230	DecrementerExceptionCallback	
0x80432D00	0x1BC	__OSInitAudioSystem	
0x80432EBC	0xD8	__OSStopAudioSystem	
0x80432FD4	0x30	DCFlushRange	
0x80433004	0x30	DCStoreRange	
0x8043308C	0x34	ICInvalidateRange	
0x8043310C	0x98	L2GlobalInvalidate	
0x804331A4	0x160	DMAErrorHandler	
0x80433304	0xF4	__OSCacheInit	
0x804333F8	0x124	__OSLoadFPUContext	
0x8043351C	0x128	__OSSaveFPUContext	
0x8043364C	0x5C	OSSetCurrentContext	
0x804336B4	0x80	OSSaveContext	
0x80433734	0xD8	OSLoadContext	
0x80433838	0xBC	OSInitContext	
0x804338F4	0x2A8	OSDumpContext	
0x80433B9C	0x84	OSSwitchFPUContext	
0x80433C20	0x48	__OSContextInit	
0x80433C68	0x80	OSReport	
0x80433CE8	0x12C	OSPanic	
0x80433E14	0x218	OSSetErrorHandler	
0x8043402C	0x2E8	__OSUnhandledException	
0x80435004	0x74	__OSInterruptInit	
0x80435078	0x2D8	SetInterruptMask	
0x80435350	0x88	__OSMaskInterrupts	
0x804353D8	0x88	__OSUnmaskInterrupts	
0x80435460	0x344	__OSDispatchInterrupt	
0x80435A10	0x3C	OnReset	
0x80435A4C	0x6C	MEMIntrruptHandler	
0x80435BD0	0x118	__OSInitMemoryProtection	
0x80435CE8	0x38	OSInitMutex	
0x80435D20	0xDC	OSLockMutex	
0x80435DFC	0xC8	OSUnlockMutex	
0x80435EC4	0x70	__OSUnlockAllMutex	
0x80435FB8	0x84	OSRegisterResetFunction	
0x804360E4	0x70	Reset	
0x804361BC	0x48	__OSDoHotReset	
0x8043643C	0xF4	__OSResetSWInterruptHandler	
0x804367E8	0x60	WriteSramCallback	
0x80436848	0x118	WriteSram	
0x80436960	0x13C	__OSInitSram	
0x80436A9C	0x5C	__OSLockSram	
0x80436AF8	0x5C	__OSLockSramEx	
0x80436B54	0x33C	UnlockSram	
0x80436EE8	0x70	OSGetProgressiveMode	
0x80436F58	0xA4	OSSetProgressiveMode	
0x80436FFC	0x84	OSGetWirelessID	
0x80437080	0xAC	OSSetWirelessID	
0x8043712C	0x70	OSGetGbsMode	
0x8043719C	0xB8	OSSetGbsMode	
0x80437274	0x64	__OSInitSystemCall	
0x804372DC	0x158	__OSThreadInit	
0x80437504	0x68	UnsetRun	
0x8043756C	0x3C	__OSGetEffectivePriority	
0x804375A8	0x1C0	SetEffectivePriority	
0x80437768	0x50	__OSPromoteThread	
0x804377B8	0x228	SelectThread	
0x804379E0	0x30	__OSReschedule	
0x80437A10	0x3C	OSYieldThread	
0x80437A4C	0x1E8	OSCreateThread	
0x80437C34	0xE4	OSExitThread	
0x80437D18	0x1BC	OSCancelThread	
0x80437ED4	0x288	OSResumeThread	
0x8043815C	0x170	OSSuspendThread	
0x804382CC	0xEC	OSSleepThread	
0x804383B8	0x104	OSWakeupThread	
0x804384BC	0xC0	OSSetThreadPriority	
0x8043857C	0xAC	OSClearStack	
0x80438648	0x64	__OSGetSystemTime	
0x80438724	0x54	__init_cpp	
0x80438A2C	0x1A4	UpdateOrigin	
0x80438BD0	0xC4	PADOriginCallback	
0x80438D60	0xD8	PADProbeCallback	
0x80438E38	0x32C	PADTypeAndStatusCallback	
0x804399D0	0x60	PADSetSpec	
0x80439A30	0x174	SPEC0_MakeStatus	
0x80439BA4	0x174	SPEC1_MakeStatus	
0x8043A394	0x3C	SIIsChanBusy	
0x8043A3D0	0x2FC	CompleteTransfer	
0x8043A6CC	0x344	SIInterruptHandler	
0x8043AA10	0x98	SIEnablePollingInterrupt	
0x8043AAA8	0xCC	SIRegisterPollingHandler	
0x8043AB74	0xF4	SIUnregisterPollingHandler	
0x8043AC68	0xB4	SIInit	
0x8043AD1C	0x20C	__SITransfer	
0x8043AF28	0x7C	SIGetStatus	
0x8043AFC8	0x6C	SISetXY	
0x8043B034	0x9C	SIEnablePolling	
0x8043B0D0	0x6C	SIDisablePolling	
0x8043B13C	0xD4	SIGetResponseRaw	
0x8043B210	0xC4	SIGetResponse	
0x8043B2D4	0x8C	AlarmHandler	
0x8043B360	0x16C	SITransfer	
0x8043B4CC	0x298	GetTypeCallback	
0x8043B764	0x1C4	SIGetType	
0x8043B928	0x13C	SIGetTypeAsync	
0x8043BA64	0xE4	SISetSamplingRate	
0x8043BB6C	0x274	__VIRetraceHandler	
0x8043C0D0	0x4B0	VIInit	
0x8043C580	0x54	VIWaitForRetrace	
0x8043C5D4	0x2D4	setFbbRegs	
0x8043C8A8	0x1A0	setVerticalRegs	
0x8043D250	0x130	VIFlush	
0x8043D380	0x6C	VISetNextFrameBuffer	
0x8043D3EC	0x7C	VISetBlack	
0x8043D468	0x3C	GetCurrentDisplayPosition	
0x8043D4A4	0x68	getCurrentFieldEvenOdd	
0x8043D50C	0x9C	VIGetNextField	
0x8043D5A8	0x98	VIGetCurrentLine	
0x8043D6A8	0x3C	VIGetDTVStatus	
0x8043D6E4	0x21C	__VIDisplayPositionToXY	
0x8043D900	0x60	__VIGetCurrentPosition	
0x8043D960	0x9C	VMInit	
0x8043DA1C	0x30	__VMAllocMRAMSwapSpace	
0x8043DA4C	0x1FC	__VMSwapPageIn	
0x8043DD24	0x44	__VMGetPageToReplace	
0x8043DD68	0x1D0	__VMPageReplacementLRU	
0x8043DF38	0x94	__VMPageReplacementRandom	
0x8043DFCC	0x6C	__VMPageReplacementFIFO	
0x8043E038	0x100	VMAlloc	
0x8043E138	0x40	__VMTranslateVMPageToARAMPage	
0x8043E198	0x38	__VMMappingErrorAlert	
0x8043E1FC	0xA8	__VMAllocVirtualToARAMLUT	
0x8043E2A4	0xA0	__VMAllocARAMToVirtualLUT	
0x8043E34C	0x260	DBWrite	
0x8043E5AC	0x8C	DBRead	
0x8043E638	0x9C	DBQueryData	
0x8043E6D4	0x54	DBInitInterrupts	
0x8043E728	0x78	DBInitComm	
0x8043E7A0	0x40	DBGHandler	
0x8043E7E0	0x3C	MWCallback	
0x8043E8C8	0xDC	DBGWrite	
0x8043E9A4	0xDC	DBGRead	
0x8043EB2C	0x298	DBGEXIImm	
0x8043EDC4	0x5C	__sn_serialp	
0x8043EE20	0x50	_write	
0x8043EFC0	0x4C	_savegpr_14	
0x8043F00C	0x4C	_restgpr_14	
0x8043F058	0xCC	VMBASEInit	
0x8043F124	0x94	VMBASESetPageTableEntry	
0x8043F1B8	0x8C	VMBASEClearPageTableEntry	
0x8043F2BC	0x90	VMBASESetPageReferenced	
0x8043F3E4	0x3C	__VMBASEInitPageTable	
0x8043F480	0x158	__VMBASEInvalidatePageTable	
0x8043F5D8	0xD8	__VMBASEInvalidateLockedPageTable	
0x8043F6B0	0x78	__VMBASEInvalidateReversePageTable	
0x8043F808	0x58	__VMBASEInvalidateEntireTLB	
0x8043F860	0x54	__VMBASESetupVMRegisters	
0x8043F8FC	0x17C	__VMBASESetupExceptionHandlers	
0x8043FBBC	0x64	__VMBASEDSIServiceException	
0x8043FD60	0x58	__VMBASEISIServiceException	
0x8056A580	0x30	GameIsAutoBrakePermitted__Fv	
