0x80004568	0x64	DVDValidErrorState__Fi	
0x8000C674	0x90	bSNPrintf__FPciPCce	
0x80072D68	0x58	Default__15OptionsSettings	
0x8016B2B8	0x38	UpdateParams__16CSTATEMGR_CopCarf	
0x80171760	0x30	__Q29RealInput5Event	
0x8017C72C	0x30	CancelCarLoad__16GarageMainScreen	
0x80190EB4	0x50	Reset__Q26Speech13RoadblockFlow	
0x8027DED4	0x34	__Q210RealSystem5Mutex	
0x80314B4C	0x40	UpdateParams__13EAXAITunerCarf	
0x80359C08	0x50	_._7MyMutex	
0x80359E30	0x64	_._8MyThread	
0x8035EE0C	0x4C	GetAnim__Q29EAGL4Anim17FnDefaultAnimBankPCc	
0x803633D4	0x40	GetLength__CQ29EAGL4Anim18FnRawLinearChannelRf	
0x8036351C	0x94	Eval__Q29EAGL4Anim12FnPoseMirrorffPf	
0x803635B0	0xAC	EvalSQT__Q29EAGL4Anim12FnPoseMirrorfPfPCQ29EAGL4Anim8BoneMask	
0x80363CEC	0x70	GetConstBoneIdx__Q29EAGL4Anim10DeltaQFast	
0x80363D5C	0x80	GetConstPhysical__Q29EAGL4Anim10DeltaQFast	
0x80363DDC	0x70	GetConstBoneIdx__Q29EAGL4Anim6DeltaQ	
0x80363E4C	0x80	GetConstPhysical__Q29EAGL4Anim6DeltaQ	
0x80364310	0x48	QuatF4__9EAGL4AnimRPfPf	
0x80364358	0x38	TranF3__9EAGL4AnimRPfPf	
0x8038C788	0x4C	DELETE_tBigYUVSwizzler__FP15tBigYUVSwizzler	
0x8038C7D4	0x1C8	NEW_tBigYUVSwizzlerTexture__FP9_GXTexObjN20	
0x8038C99C	0x690	tBigYUVSwizzler_DrawSetup__FP15tBigYUVSwizzlerP9_GXTexObjN21	
0x8038D02C	0x3C	CON_tTileSize2d__FP11tTileSize2dUlUlUlUl	
0x8038D068	0x78	CON_tPixAdr2d__FP9tPixAdr2dUlUlP11tTileSize2d	
0x8038D110	0x60	DELETE_tBigSwizzler__FP12tBigSwizzler	
0x8038D170	0x374	NEW_tBigSwizzlerTexture__FP9_GXTexObj	
0x8038D4E4	0x98	__Q24RCMP9AV_PLAYERPCciQ34RCMP9AV_PLAYER9LOAD_ENUMQ34RCMP9AV_PLAYER10SOUND_ENUM	
0x8038D57C	0x438	Init__Q24RCMP9AV_PLAYERPCciiiT1iiiQ34RCMP9AV_PLAYER9LOAD_ENUMQ34RCMP9AV_PLAYER10SOUND_ENUM	
0x8038DDE8	0x84	GetFrame__Q24RCMP9AV_PLAYERf	
0x8038DE6C	0x9C	IsTimeForDecode__Q24RCMP9AV_PLAYER	
0x8038DF3C	0xFC	SetSpeed__Q24RCMP9AV_PLAYERUi	
0x8038E080	0x128	SyncedAudioTime__Q24RCMP9AV_PLAYER	
0x8038E468	0xCC	Update__Q24RCMP11AV_MS_TIMER	
0x8038E534	0xE8	__Q24RCMP12AUDIO_PLAYERii	
0x8038E61C	0x78	_._Q24RCMP12AUDIO_PLAYER	
0x8038E694	0x5C	SetSpeed__Q24RCMP12AUDIO_PLAYERUi	
0x8038E6F0	0x58	StartSound__Q24RCMP12AUDIO_PLAYER	
0x8038E748	0x70	IsAudioFinished__Q24RCMP12AUDIO_PLAYER	
0x8038E7D8	0x74	__Q24RCMP7DECODERPCQ24RCMP11CODEC_IDATA	
0x8038E84C	0x58	_._Q24RCMP7DECODER	
0x8038E8A4	0x48	ChooseCodec__Q24RCMP7DECODERPQ24RCMP5CODECPQ24RCMP5CHUNK	
0x8038E98C	0x4C	GetFrameRate__Q24RCMP7DECODER	
0x8038E9D8	0x8C	GetFrame__Q24RCMP7DECODERUi	
0x8038EA9C	0x58	GetChunk__Q24RCMP7DECODER	
0x8038EAF4	0x34	ReleaseChunk__Q24RCMP7DECODERPQ24RCMP5CHUNK	
0x8038EB78	0x54	__static_initialization_and_destruction_0	
0x8038ED98	0xBC	__18VP6_CODEC_INTERNAL	
0x8038EE54	0x148	_._18VP6_CODEC_INTERNAL	
0x8038EFC4	0x2B4	GetFrame__18VP6_CODEC_INTERNALUi	
0x8038F4D0	0x5C	__static_initialization_and_destruction_0	
0x8038F52C	0x40	_._Q24RCMP5CODEC	
0x8038F56C	0x88	Alloc__11MyAllocatorUiRCQ22EA12TagValuePair	
0x8038F5F4	0x44	Free__11MyAllocatorPvUi	
0x8038F64C	0x64	Release__11MyAllocator	
0x8038F754	0x30	VP6_CODEC_is_chunk_for_codec__4RCMPUi	
0x8038F8FC	0x58	__18MAD_CODEC_INTERNAL	
0x8038F954	0x138	_._18MAD_CODEC_INTERNAL	
0x8038FEF4	0x12C	GetFrame__18MAD_CODEC_INTERNALUi	
0x80390214	0x34	MAD_CODEC_is_chunk_for_codec__4RCMPUi	
0x80390248	0x2BC	madinit__Fv	
0x8039055C	0x44	getdelta__Fv	
0x803905A0	0x5C	dcblock__FPii	
0x8039072C	0x120	setluma__FPCiPUci	
0x8039084C	0xA0	setchroma__FPCiPUci	
0x803909C4	0x338	MAD_decodemacroblock__FPCUcN20PUcN23i	
0x80390D54	0x16C	madvlcdecode	
0x80391194	0x164	idctcompute	
0x803913FC	0x48	SPCH_InitBankMem__FiPc	
0x80391444	0x18C	iSPCH_FindInsertPosition__FP10VOXBANKHDR	
0x803915D0	0x98	iSPCH_FindBank__FUsRi	
0x80391668	0xCC	iSPCH_FindSubBank__FUsUsRi	
0x80391734	0x50	iSPCH_TestSubBankBounds__FiUi	
0x80391784	0x4C	iSPCH_FindBankIndexFromHandle__Fi	
0x8039188C	0x88	iSPCHBank_AddToQueue__FP10VOXBANKHDRi	
0x80391914	0x9C	iSPCHBank_GetSampleTimeInQueue__FP10VOXBANKHDRi	
0x80391A3C	0xE0	iSPCH_SetCycleBits__FP10VOXBANKHDR	
0x80391B1C	0xE8	SPCH_AddBank__FPc	
0x80391C20	0x48	iSPCH_SearchEventDat__FP7VoxDatai	
0x80391C68	0x64	iSPCH_FindEventDatInfo__FP9EventSpecPP12EventDatInfo	
0x80391CCC	0x54	iSPCH_FindEvent__FP9EventSpec	
0x80391D20	0x50	iSPCH_FindEventChannel__FP9EventSpecPUi	
0x80391D70	0x54	iSPCH_GetDatID__FP9EventSpecPUi	
0x80391DC4	0x68	iSPCH_GetGlobalMatchParmsArray__FP9EventSpecPPUc	
0x80391E2C	0x30	iSPCH_InitEventDat__Fv	
0x80391E5C	0x48	iSPCH_GetFilterLength__FP9EventSpec	
0x80391EA4	0xCC	iSPCH_InitEventQueue__Fv	
0x80391F70	0x128	iSPCH_FindEventSlot__FUiUi	
0x803920BC	0x180	iSPCH_AddEvent__FPUi	
0x8039223C	0x14C	SPCH_AddEventV__Fiie	
0x80392398	0x50	iSPCH_EventInFollowGroup__FUsP19SPCHType_FollowData	
0x803923E8	0x1C0	iSPCH_ChooseEventSearch__FP19SPCHType_FollowDataUi	
0x803925A8	0x160	iSPCH_ChooseEvent__FUi	
0x803927E4	0xA0	iSPCH_ClearEvent__Fi	
0x80392884	0xC4	iSPCH_ClearOldEvents__Fi	
0x80392988	0xA0	SPCH_PlayLastEvent__FUi	
0x80392A28	0x7C	SPCH_Play__FUi	
0x80392AA4	0xC8	SPCH_Choose__FUi	
0x80392BC0	0x34	iSPCH_MemFree__FPv	
0x80392BF4	0x34	iSPCH_InitInGame__Fv	
0x80392C28	0x6C	SPCH_GetSampleDataRate__Fii15CompressionType	
0x80392D08	0xEC	SPCH_Init__FPFP26SPCHType_SampleRequestData_iUii	
0x80392E50	0x88	iSPCH_PostMatchParmValue__FP11VoxSentenceP9VoxPhrasePUc	
0x80392ED8	0x54	iSPCH_HasMatchParmToPost__FP9VoxPhrase	
0x80392F2C	0x130	iSPCH_MatchSample__FP11VoxSentenceP9VoxPhrasePUiPUc	
0x8039305C	0xF8	iSPCH_GetPhraseBank__FP9VoxPhrasePUiP14PhrasePickInfo	
0x80393154	0x60	iSPCH_ClearCycleBit__FP10VOXBANKHDRi	
0x803931B4	0x38	iSPCH_TestBit__FPUci	
0x803931EC	0x98	iSPCH_CheckTemplateSample__FP14PhrasePickInfoP10VOXBANKHDRi	
0x80393284	0xA8	iSPCH_SampleExists__FP14PhrasePickInfoP10VOXBANKHDRi	
0x8039335C	0x8C	iSPCH_BankHasValidSamples__FP9VoxPhraseP10VOXBANKHDRPUi	
0x803933E8	0x19C	iSPCH_ChooseSamples__FP16SentencePickInfoP11VoxSentenceP14PhrasePickInfoP9VoxPhrasePUi	
0x803935A8	0x98	iSPCH_SentenceLength__FP11VoxSentenceP16SentencePickInfo	
0x8039379C	0x48	iSPCH_RepeatEvent__FP8VoxEventUi	
0x803937E4	0x44	iSPCH_ShortRuleStatus__FP11VoxSentencei	
0x80393828	0x54	iSPCH_InitMatchParmIO__FP11VoxSentence	
0x8039387C	0x9C	iSPCH_MatchParmInputsSet__FP11VoxSentenceP9VoxPhrase	
0x80393918	0x1B8	iSPCH_TestMatchParms__FP16SentencePickInfoP11VoxSentence	
0x80393AD0	0x130	iSPCH_SentenceGetChoices__FP16SentencePickInfoP11VoxSentencePUii	
0x80393C00	0x98	iSPCH_RandomizeSentencePicks__FP11VoxSentenceP16SentencePickInfo	
0x80393C98	0x80	iSPCH_IterateChoice__FP11VoxSentenceP16SentencePickInfo	
0x80393D18	0x104	iSPCH_ChooseSentenceIteratively__FP11VoxSentenceP16SentencePickInfoi	
0x80393E1C	0x44	iSPCH_PickPhraseSample__FP14PhrasePickInfo	
0x80393E60	0x104	iSPCH_PostGlobalMatchParms__FP9EventSpecP16SentencePickInfoP11VoxSentence	
0x80393F64	0xC8	iSPCH_SentenceMakeChoice__FP9EventSpecP16SentencePickInfoP11VoxSentenceii	
0x8039402C	0x144	iSPCH_ConstantRuleSet__FP9EventSpecP8VoxEventP11VoxSentence	
0x80394170	0x20C	iSPCH_MakeSampleRequests__FP8VoxEventP11VoxSentenceP9EventSpec	
0x803943A8	0xB4	iSPCH_ClearSentenceChoiceChannel__FUi	
0x8039445C	0x88	iSPCH_InitSentenceChoice__Fv	
0x803944E4	0x154	iSPCH_SaveChosenSentence__FP16SentencePickInfoUiP8VoxEventP11VoxSentenceiPUi	
0x80394650	0xF4	iSPCH_PlayChosen__FUi	
0x80394744	0x40	iSPCH_TestValidParm__FUiUii	
0x80394784	0xF8	iSPCH_SentenceIsContextMatch__FP8VoxEventP11VoxSentencePUi	
0x8039487C	0x44	iSPCH_CheckFrequency__FP11VoxSentence	
0x80394C0C	0xC8	iSPCH_ChooseSingleSentence__Fi	
0x80394DE8	0x54	iSPCH_EACseedrandom__FUi	
0x80394E3C	0xA8	iSPCH_FindRandInQueue__FUsiUs	
0x80394EE4	0x40	iSPCH_AddRandToQueue__FUsUs	
0x80394F24	0xB0	iSPCH_InitRandom__FUi	
0x80394FD4	0xE0	iSPCH_Rand__Fii	
0x803950B4	0x9C	SPCH_ClearMatchParmSettings__FUl	
0x80395150	0x100	iSPCH_BindData__FPcUi	
0x80395250	0x48	SPCH_AddEventDB__FPcUi	
0x80395298	0xB8	iSPCH_SentenceUsesParm__FP11VoxSentencei	
0x80395350	0x4C	iSPCH_GetRuleID__FP8VoxEventi	
0x8039539C	0x114	iSPCH_RuleSet__FP9EventSpecP8VoxEventiPUi	
0x803954B0	0x1BC	iSPCH_GetRuleSettings__FP9EventSpecP8VoxEventPUiT2	
0x8039566C	0xA8	iSPCH_GetSentenceRuleSettings__FP8VoxEventiPUiT2	
0x80395714	0x60	iSPCH_CheckSentenceRules__FP8VoxEventiUiUi	
0x80395774	0x30	iSPCH_GetSampleParmAddr__FP10VOXBANKHDRi	
0x803957A4	0x88	iSPCH_GetSampleSizeData__FP10VOXBANKHDRiPUiT2	
0x8039582C	0x38	SPCHEXT_gettick__Fv	
0x80395870	0x8C	iSPCH_CsisCb__FPQ24Csis9ParameterPv	
0x803958FC	0xDC	iSPCH_InitCsis__FPv	
0x803959E0	0x64	Alloc__3Vp6i	
0x80395A44	0x50	Free__3Vp6Pv	
0x80395A94	0xA4	VP6_DeleteTmpBuffers	
0x80395B38	0xD0	VP6_AllocateTmpBuffers	
0x80395C08	0x60	VP6_DeletePBInstance	
0x80395C68	0x12C	VP6_CreatePBInstance	
0x80395D94	0x80	VP6_VPInitLibrary	
0x80395E18	0xE8	InitPostProcessing	
0x80395F00	0xBC	DeletePostProcBuffers	
0x80395FBC	0x158	AllocatePostProcBuffers	
0x80396114	0xF8	ChangePostProcConfiguration	
0x8039620C	0x68	CreatePostProcInstance	
0x803962D4	0x54	UpdateFragQIndex	
0x80396328	0x70	gaussian	
0x80396398	0x26C	PlaneAddNoise_C	
0x80396604	0x4D8	PostProcess	
0x80396ADC	0x74	VP6_InitQTables	
0x80396B50	0x3C	VP6_BuildQuantIndex_Generic	
0x80396B8C	0xD0	VP6_init_dequantizer	
0x80396C5C	0x68	VP6_UpdateQ	
0x80396CC4	0x5C	DeleteQuantizerBuffers	
0x80396D20	0x88	AllocateQuantizerBuffers	
0x80396DF0	0x6C	VP6_CreateQuantizer	
0x80396E5C	0xF0	FilterHoriz_Simple_C	
0x80396F4C	0x108	FilterVert_Simple_C	
0x80397054	0x21C	SimpleDeblockFrame	
0x80397270	0xCC	VP6_StartDecoder	
0x8039733C	0xFC	VP6_SetPbParam	
0x80397438	0x3C4	VP6_GetYUVConfig	
0x80397990	0xBC	VP6_DecodeFrameToYUV	
0x80397A4C	0x64	VP6_StopDecoder	
0x80397AB4	0xBC	AverageBlock_C	
0x80397B70	0x9C	SubtractBlock_C	
0x80397C34	0x78	Copy12x12_C	
0x80397CD0	0xEC	FilterBlock1d	
0x80397DBC	0xEC	FilterBlock2dFirstPass	
0x80397EA8	0xF0	FilterBlock2dSecondPass	
0x80397F98	0x74	FilterBlock2d	
0x8039800C	0x9C	FilterBlock2dBil_FirstPass	
0x803980A8	0x90	FilterBlock1dBil_8	
0x80398138	0x98	FilterBlock2dBil_SecondPass_8	
0x803981D0	0x68	FilterBlock2dBil_8	
0x80398238	0xEC	FilterBlockBil_8_C	
0x80398324	0x158	PostProcMachineSpecificConfig	
0x80398634	0x58	VP6_StartDecode	
0x8039868C	0x2C0	UpdateUMVBorder	
0x8039894C	0x12C	CopyFrame	
0x80398A78	0xC8	ClampLevels_C	
0x80398BEC	0x70	SetupDeblocker	
0x80398C5C	0x384	DeblockVerticalEdgesInLoopFilteredBand	
0x80398FE0	0x828	DeblockLoopFilteredBand_C	
0x80399808	0x3E8	DeblockVerticalEdgesInNonFilteredBand	
0x80399BF0	0x2B8	DeblockVerticalEdgesInNonFilteredBandNewFilter	
0x80399EA8	0x8D0	DeblockNonFilteredBand_C	
0x8039A778	0x6E8	DeblockNonFilteredBandNewFilter_C	
0x8039AE60	0x1F8	DeblockPlane	
0x8039B058	0x12C	DeblockPlaneNew	
0x8039B184	0x12C	DeblockFrame	
0x8039B2B0	0x134	DeblockFrameInterlaced	
0x8039B3E4	0x98	BuildScanOrder	
0x8039B47C	0x15C	BoolTreeToHuffCodes	
0x8039B5D8	0x118	ZerosBoolTreeToHuffCodes	
0x8039B6F0	0x258	ConvertBoolTrees	
0x8039B948	0x2E0	VP6_ConfigureEntropyDecoder	
0x8039BC28	0xA0	VP6_ResetLeftContext	
0x8039BCC8	0x194	VP6_ResetAboveContext	
0x8039BE5C	0x7E0	VP6_ReadTokensPredictA	
0x8039C63C	0x344	VP6_DecodeFrameMbs	
0x8039C980	0x2B8	VP6_BuildModeTree	
0x8039CC38	0x100	VP6_decodeModeDiff	
0x8039CD38	0x150	VP6_DecodeModeProbs	
0x8039CE88	0x1D0	VP6_ConfigureMvEntropyDecoder	
0x8039D058	0xC8	CFastDeInterlace	
0x8039D120	0x710	DeringBlockStrong_C	
0x8039D830	0x284	DeringBlockWeak_C	
0x8039DAB4	0x610	DeringFrame	
0x8039E0C4	0x850	DeringFrameInterlaced	
0x8039E914	0x44	InitHeaderBuffer	
0x8039E958	0x88	ReadHeaderBits	
0x8039E9E0	0x568	LoadFrameHeader	
0x8039EF48	0x3C	VP6_LoadFrame	
0x8039EF84	0x50	VP6_bitread	
0x8039EFD4	0xEC	VP6_DeleteFragmentInfo	
0x8039F0C0	0x1A4	VP6_AllocateFragmentInfo	
0x8039F264	0x88	VP6_DeleteFrameInfo	
0x8039F2EC	0xBC	VP6_AllocateFrameInfo	
0x8039F3A8	0x214	VP6_InitFrameDetails	
0x8039F5CC	0x88	InsertSorted	
0x8039F654	0x1A0	VP6_BuildHuffTree	
0x8039F7F4	0x7C	VP6_BuildHuffLookupTable	
0x8039F870	0xDC	VP6_CreateCodeArray	
0x8039F9F8	0x70	FilterHoriz_Generic	
0x8039FA68	0x98	FilterVert_Generic	
0x8039FE10	0x15C	SatUnsigned8	
0x8039FF6C	0x134	ScalarReconInterHalfPixel2	
0x803A00A0	0x38	HorizontalLine_Copy	
0x803A00DC	0xF8	HorizontalLine_4_5_Scale_C	
0x803A01D4	0xB4	VerticalBand_4_5_Scale_C	
0x803A0288	0x88	LastVerticalBand_4_5_Scale_C	
0x803A0310	0xF8	HorizontalLine_3_5_Scale_C	
0x803A0408	0xB4	VerticalBand_3_5_Scale_C	
0x803A04BC	0x98	LastVerticalBand_3_5_Scale_C	
0x803A0554	0x4C	HorizontalLine_1_2_Scale_C	
0x803A05A0	0x3C	VerticalBand_1_2_Scale_C	
0x803A0604	0x280	AnyRatio_2D_Scale	
0x803A0884	0x270	AnyRatioFrameScale	
0x803A0AF4	0x1A8	CenterImage	
0x803A0C9C	0xB8	ScaleOrCenter	
0x803A0D54	0xC4	VP6_ConfigureContexts	
0x803A0E18	0xA4	VP6_DecodeBool	
0x803A0EBC	0x7C	VP6_DecodeBool128	
0x803A0F38	0x94	nDecodeBool	
0x803A0FCC	0x1278	VP6_DecodeBlock	
0x803A2244	0x2E0	VP6_DecodeMacroBlock	
0x803A2524	0x84	VP6_DecodeBlockMode	
0x803A25A8	0x12C	VP6_DecodeMode	
0x803A26D4	0x370	VP6_decodeModeAndMotionVector	
0x803A2A44	0x258	VP6_decodeMotionVector	
0x803A2C9C	0x150	VP6_FindNearestandNextNearest	
0x803A2DEC	0x2E4	VP6_PredictFilteredBlock	
0x803A30D0	0xF0	VP6_ReconstructBlock	
0x803A31C0	0x54	ScalarReconIntra_GC	
0x803A3214	0x5C	ScalarReconInter_GC	
0x803A3270	0x5C	ReconBlock_GC	
0x803A3D0C	0x40	IDct1_GC	
0x803A3D4C	0x38	UnpackBlock_GC	
0x803A3D84	0x84	FilterBlock1dBil_GC	
0x803A3E08	0x104	FilterBlock2dBil_GC	
0x803A3F0C	0x188	FilterBlock_GC	
0x803A4094	0x70	Var16Point	
0x803A4104	0x110	VP6_PredictFiltered	
0x803A424C	0x254	SNDAEMSI_updatedestroy__FPQ27AemsDef12DESTROYSTATE	
0x803A44A0	0xBC	UpdateCallFunction__FPQ27AemsDef17CallFunctionState	
0x803A455C	0x1CC	UpdateControlClass__FPQ27AemsDef17ControlClassState	
0x803A4728	0x68	UpdateSetGlobalVariable__FPQ27AemsDef22SetGlobalVariableState	
0x803A4790	0x7C	SNDAEMSI_updatecounter__FPQ27AemsDef12COUNTERSTATE	
0x803A480C	0x5C	SNDAEMSI_updaterandom__FPQ27AemsDef11RANDOMSTATE	
0x803A4868	0x10C	SNDAEMSI_updaterandomshuffle__FPQ27AemsDef18RANDOMSHUFFLESTATE	
0x803A4974	0xB4	SNDAEMSI_updaterandomweighted__FPQ27AemsDef19RANDOMWEIGHTEDSTATE	
0x803A4A28	0x74	SNDAEMSI_updaterangetrig__FPQ27AemsDef14RANGETRIGSTATE	
0x803A4A9C	0xA4	SNDAEMSI_updatedelaytrig__FPQ27AemsDef14DELAYTRIGSTATE	
0x803A4B40	0x60	SNDAEMSI_updatestategen__FPQ27AemsDef13STATEGENSTATE	
0x803A4BA0	0x44	SNDAEMSI_updatemerge__FPQ27AemsDef14MERGETRIGSTATE	
0x803A4BE4	0x3C	SNDAEMSI_envelopeprogramsegment__FPQ27AemsDef13ENVELOPESTATE	
0x803A4C20	0x188	SNDAEMSI_updateenvelope__FPQ27AemsDef13ENVELOPESTATE	
0x803A4DA8	0x254	SNDAEMSI_updatetable__FPQ27AemsDef10TABLESTATE	
0x803A4FFC	0x114	SNDAEMSI_updatedelayline__FPQ27AemsDef14DELAYLINESTATE	
0x803A5110	0x30	SNDAEMSI_updatemux__FPQ27AemsDef8MUXSTATE	
0x803A5140	0x50	SNDAEMSI_updatedemux__FPQ27AemsDef10DEMUXSTATE	
0x803A5190	0x44	SNDAEMSI_updatemin__FPQ27AemsDef8MINSTATE	
0x803A51F0	0x44	SNDAEMSI_updatemax__FPQ27AemsDef8MAXSTATE	
0x803A5250	0xBC	SNDAEMSI_updatescale__FPQ27AemsDef10SCALESTATE	
0x803A530C	0x9C	SNDAEMSI_updatescale2__FPQ27AemsDef11SCALE2STATE	
0x803A53A8	0x3C	SNDAEMSI_updateadd__FPQ27AemsDef8ADDSTATE	
0x803A5460	0x5C	SNDAEMSI_bankpitchmult__Fii	
0x803A54BC	0x58	SNDAEMSI_banktimemult__Fii	
0x803A5514	0xE8	SNDAEMSI_bankvol__Fii	
0x803A55FC	0x40	SNDAEMSI_bankazimuth__Fii	
0x803A563C	0xA4	SNDAEMSI_bankfxwet0__Fii	
0x803A5770	0x9C	SNDAEMSI_bankdrylevel__Fii	
0x803A5944	0xB0	SNDAEMSI_playerplaybank__FPQ27AemsDef11PLAYERSTATEPQ27AemsDef11SAMPLEENTRY	
0x803A5A18	0x40	SNDAEMSI_playerpausebank__FGQ27AemsDef12PLAYERHANDLE	
0x803A5A58	0xA8	SNDAEMSI_playerunpausebank__FPQ27AemsDef11PLAYERSTATE	
0x803A5B00	0x38	SNDAEMSI_playerresetoutputs__FPQ27AemsDef11PLAYERSTATE	
0x803A5B38	0x1E0	SNDAEMSI_playerupdatebank__FPQ27AemsDef11PLAYERSTATE	
0x803A5D18	0x1FC	SNDAEMSI_updateplayer__FPQ27AemsDef11PLAYERSTATE	
0x803A5F14	0x220	SNDAEMSI_updateoscillator__FPQ27AemsDef15OSCILLATORSTATE	
0x803A6134	0x1AC	SNDAEMSI_updateramp__FPQ27AemsDef9RAMPSTATE	
0x803A62E0	0x4C	SNDAEMSI_updateaddmax__FPQ27AemsDef11ADDMAXSTATE	
0x803A63A0	0x34	SNDAEMSI_SetClassData__FPQ24Csis9ParameterPv	
0x803A63D4	0x3C	CsisFunctionCallback__FPQ24Csis9ParameterPv	
0x803A6410	0x1DC	SNDAEMSI_CreateModuleInstance__FPQ24Csis5ClassPQ24Csis9ParameterPv	
0x803A65EC	0x58	SNDAEMSI_restore__Fv	
0x803A6644	0x1CC	SNDAEMS_removemodulebank	
0x803A6B64	0x1B8	SNDAEMS_addmodulebank	
0x803A7B74	0x78	SNDAEMSI_timerupdate__FPv	
0x803A7BEC	0x40	SNDVOICEI_isreserved__Fii	
0x803A7C2C	0x3C0	SNDVOICEI_alloc__FiiPiii	
0x803A7FEC	0x1A0	SNDVOICEI_free__Fi	
0x803A818C	0x54	SNDVOICEI_get__Fi	
0x803A8438	0x44	SNDBANKI_alloc__Fv	
0x803A847C	0x40	SNDBANKI_getppatch__FP8BANKVER5i	
0x803A84BC	0x74	SNDbankheadercopy	
0x803A85B0	0x98	SNDBANK_play	
0x803A87D8	0x5C	SNDBANKI_valid__Fi	
0x803A8BDC	0x1F8	MemCpy__Q23Snd4UtilPvPCvUi	
0x803A8E00	0x68	SNDMEMI_init__FPvi	
0x803A8E88	0x204	SNDMEMI_allocz__Fi	
0x803A908C	0xC0	SNDMEMI_free__FPv	
0x803A9170	0x94	SNDpitchmult	
0x803A9204	0x58	SNDplaysetdef	
0x803A925C	0x38	SNDPROFILE_outputlatency	
0x803A9294	0x34	SNDI_randomseed__FUi	
0x803A9450	0x6C	SNDSYSI_variabletimerservice__Fv	
0x803A94BC	0x260	SNDSYSI_100hzserver__Fv	
0x803A975C	0x40	SNDSYS_entercritical	
0x803A979C	0x40	SNDSYS_leavecritical	
0x803A9830	0x80	iSNDsin__Fi	
0x803A98B0	0x78	StreamRemoveFaders__3SndP16SNDSTREAMCHANNEL	
0x803A9BEC	0x78	SNDSTRMI_calcdatarate__FP15SNDSAMPLEFORMAT	
0x803A9C64	0x5C	SNDSTRMI_destroyall__Fv	
0x803A9CC0	0x34	SNDSTRMI_getstreamptr__Fi	
0x803A9CF4	0x68	SNDSTRMI_removerequest__Fi	
0x803A9D5C	0x3C	SNDSTRMI_releasecallback__FPvT0	
0x803A9D98	0xA8	SNDSTRMI_framescallback__FiiPv	
0x803A9E40	0x23C	SNDSTRMI_parseheader__FiP14STREAMCHUNKHDR	
0x803AA07C	0x118	SNDSTRMI_parsedata__FP16SNDSTREAMCHANNELP14STREAMCHUNKHDR	
0x803AA194	0x78	SNDSTRMI_parsechunk__FiP14STREAMCHUNKHDR	
0x803AA20C	0xDC	SNDSTRMI_isheld__FP16SNDSTREAMCHANNEL	
0x803AA2E8	0x180	SNDSTRMI_service__Fv	
0x803AA468	0x48	SNDSTRMI_numcreated__Fv	
0x803AA4B0	0x360	SNDSTRMI_create__FP11SNDPLAYOPTSiiPviii	
0x803AA95C	0xBC	SNDSTRM_destroy	
0x803AAB7C	0x2B4	SNDSTRM_setazimuth	
0x803AAFB8	0x184	SNDSTRM_autovol	
0x803AB13C	0x40	SNDSTRM_createtap	
0x803AB17C	0xFC	SNDSTRM_fxlevel	
0x803AB278	0x98	SNDSTRM_getprogvol	
0x803AB310	0x78	SNDSTRMI_getrequestptr__Fi	
0x803AB3D8	0x58	SNDSTRM_modifyhold	
0x803AB480	0x60	SNDstop	
0x803AB4E0	0x48	SNDSTRM_overheadtap	
0x803AB528	0x44	SNDSTRM_overhead	
0x803AB56C	0x5C	SNDSTRM_pitchmult	
0x803AB5F4	0x50	SNDSTRM_drylevel	
0x803AB644	0x214	SNDSTRM_requeststatus	
0x803AB858	0x4C	SNDSTRM_setgreedylevel	
0x803AB8A4	0xE0	SNDSTRM_status	
0x803AB984	0x6C	SNDSTRM_timemult	
0x803ABCB4	0xA4	CapOutputMode__Q23Snd6SystemQ23Snd10OutputModePb	
0x803ABD58	0x78	SetOutputMode__Q23Snd6SystemQ23Snd10OutputMode	
0x803ABDD0	0x10C	SetVoices__Q23Snd6SystemQ23Snd6Devicei	
0x803ABEE4	0x238	Init__Q23Snd6Systemi	
0x803AC134	0x30	Restore__Q23Snd6System	
0x803AC164	0xB0	SetHeap__Q23Snd6MemoryQ23Snd6DevicePvi	
0x803AC214	0x154	SNDSYS_getopts__FP10SNDSYSOPTS	
0x803AC368	0x12C	SNDSYS_setopts__FP10SNDSYSOPTS	
0x803AC494	0x138	SNDSYSI_init__FPvii	
0x803AC5CC	0xF8	SNDSYS_restore__Fv	
0x803AC6C4	0x100	SNDSYSI_chanpubinit__Fv	
0x803AC7F0	0x9C	iSNDserverremoveclient__FPFv_v	
0x803AC88C	0x78	SNDSYS_service	
0x803AC944	0x3C	VectorToCsisMutex__Q23Snd6System	
0x803AC980	0x84	SNDBANKI_findfreekey__Fv	
0x803AD258	0x98	SNDCTRL_timemult	
0x803AD2F0	0x6A4	SNDI_parsetimbre__FPPvP15SNDIPATCHHEADER	
0x803ADD08	0x44	SNDDRV_DSPMixerResetChannel__FP16SNDDRVMIXCHANNEL	
0x803ADD4C	0xD8	SNDDRV_DSPMixerSetPan__FP6_AXVPBPfUsi	
0x803ADE24	0x74	SNDDRV_DSPMixerSetAuxBus__FP6_AXVPBUsi	
0x803ADE98	0x54	SNDDRV_DSPMixerInit__Fi	
0x803ADEEC	0x1F4	SNDDRV_DSPMixerInitChannel__FP6_AXVPBUliUsUsPfUsi	
0x803AE124	0x42C	SNDDRV_DSPMixerUpdate__Fv	
0x803AE6F0	0x274	SNDDRV_allocateaxvoice__Fi	
0x803AE964	0x114	SNDDRV_freeaxvoice__Fii	
0x803AEA78	0x8C	SNDDRV_dmaslotenter__Fi	
0x803AEB04	0x4C	SNDDRV_dmcallback__FUl	
0x803AEB50	0x120	SNDDRV_dmapost__FUlPvT1Uli	
0x803AEC70	0x98	SNDDRV_restoredma__Fi	
0x803AED08	0x190	SNDDRV_audiocallback__FPvT0	
0x803AEE98	0xF0	SNDDRV_initmixer__Fv	
0x803AEF88	0x8C	SNDDRV_restoremixer__Fv	
0x803AF014	0x224	SNDDRV_fillbufwithpackets__FiP13SNDDRVPKTCHANP7CHANPUB	
0x803AF238	0x13C	SNDDRV_thread__FPv	
0x803AF374	0xB8	SNDPLATFORM_outputcaps__Fv	
0x803AF42C	0x1F0	SNDPLATFORM_outputset__Fv	
0x803AF61C	0x318	SNDPLATFORM_init__F9StartMode	
0x803AF9C0	0x384	iSNDserve__Fv	
0x803AFD44	0x44	SNDPLATFORM_getvoicerange__FiPiT1	
0x803AFD88	0x38	SNDPLATFORM_asyncresolvetimbre__FP15SNDIPATCHHEADERPcPi	
0x803B02CC	0x30	SNDDRV_getmastervoice__Fi	
0x803B02FC	0x64	SNDDRV_getsamplechan__Fi	
0x803B0368	0xC4	SNDPLATFORM_packetplaycreate__FiPv	
0x803B042C	0x2E8	SNDPLATFORM_packetplay__FiiiiiP15SNDSAMPLEFORMATP13SNDSAMPLEATTR	
0x803B0714	0x84	SNDPLATFORM_packetplaydestroy__Fi	
0x803B07A0	0x14C	SetVolInternal__Q23Snd3Hali	
0x803B08EC	0x3C	SetDry__Q23Snd3Hali	
0x803B0928	0x1F0	SetPan__Q23Snd3Hali	
0x803B0B18	0x158	SNDPLATFORM_setpitch__Fi	
0x803B0C70	0x8C	SNDPLATFORM_timemult__Fii	
0x803B0CFC	0xF0	SNDPLATFORM_lowpass__Fii	
0x803B0DEC	0x88	SNDPLATFORM_highpass__Fii	
0x803B0E74	0xB0	SNDPLATFORM_getcurframe__Fi	
0x803B0F24	0x15C	SNDPLATFORM_stop__Fi	
0x803B1080	0x98	SNDPLATFORM_filteradd__FiP12SNDFILTERDEF	
0x803B1118	0x44	SNDPLATFORM_memalloc__Fii	
0x803B115C	0x4C	SNDPLATFORM_memfree__FiUi	
0x803B11A8	0x54	SNDPLATFORM_download__FiPvT1i	
0x803B11FC	0xA8	SNDPLATFORM_downloadcomplete__Fi	
0x803B1320	0x44	SNDPLATFORM_ModeSetUp__FP10SNDSYSOPTSQ23Snd10OutputMode	
0x803B1378	0xA4	MIX_createFxglobals	
0x803B141C	0xB4	MIX_destroyFxglobals	
0x803B14D0	0x84	SNDSYS_linkmaincpumixer	
0x803B1554	0x1A0	MIXI_interpolateto0__FPfT0	
0x803B16F4	0x1C8	MIXI_interpolatemix	
0x803B18C0	0x230	SNDMIXI_volramp__FP11SNDMIXVOICE	
0x803B1B30	0x2C0	MIX_create	
0x803B1DF0	0xD8	MIX_destroy	
0x803B1EF4	0x214	MIX_playinit	
0x803B2108	0xA4	MIX_play	
0x803B21AC	0x40	MIXI_stop__Fi	
0x803B21EC	0x100	MIX_stop	
0x803B22EC	0x34	SNDMIX_setdrygain	
0x803B2320	0x34	SNDMIX_setwetgain	
0x803B2354	0x3B8	MIX_audioslice	
0x803B270C	0x88	MIX_filteradd	
0x803B2794	0x48	MIX_getframe	
0x803B27DC	0xD0	MIX_sethighpass	
0x803B28AC	0x14C	MIX_setlowpass	
0x803B29F8	0xBC	MIX_setpitch	
0x803B2AB4	0x3C	MIX_settimemult	
0x803B2AF0	0x11C	crossfade__FPfN20ii	
0x803B2C0C	0x14C	determineaction__FifPPUcPf	
0x803B2D58	0x154	applyaction__FP16TIMESTRETCHSTATEPPfi	
0x803B2EAC	0x9C	transferframes__FP16TIMESTRETCHSTATEPiPPf	
0x803B2F48	0x124	stretchframesneeded__FPvi	
0x803B306C	0x148	stretch__FPviPfT2	
0x803B31B4	0x40	SFILTER_timestretchsetratio__FP16TIMESTRETCHSTATEi	
0x803B31F4	0x140	SFILTER_timestretch__FPviT0T0i	
0x803B3378	0xC4	SFILTER_timestretchinit__FP16TIMESTRETCHSTATEPUci	
0x803B343C	0x58	decode16x87	
0x803B3494	0x6C	SNDI_equalpower__FP11SNDGAINPAIRfff	
0x803B3500	0x408	SNDI_precalcaztospkrvol__Fv	
0x803B3908	0x9C	SNDI_aztospkrvol__FiPf	
0x803B39A4	0x40	SNDI_freespkrtable__Fv	
0x803B39E4	0x1B4	SNDI_spkrconfig__Fv	
0x803B3B98	0x8C	iSNDdetunetolinear__Fi	
0x803B3C24	0xD4	iSNDcalcpitch__Fi	
0x803B3D60	0xB8	SNDCTRL_drylevel	
0x803B3E18	0x70	SetDefaultAzimuths__Q23Snd4UtilP7CHANPUB	
0x803B3F60	0x80	SNDI_getb__FPvi	
0x803B3FE0	0x94	SNDCTRL_getprogvol	
0x803B4074	0xEC	SNDI_gettag__FP10SNDTAGINFO	
0x803B41C8	0x168	iSNDcalcvol__Fi	
0x803B4344	0x3C	SNDLINKI_push__FP11SNDLINKLISTP11SNDLINKNODE	
0x803B4380	0x3C	SNDLINKI_pushtail__FP11SNDLINKLISTP11SNDLINKNODE	
0x803B43BC	0x40	SNDLINKI_pop__FP11SNDLINKLIST	
0x803B43FC	0x60	SNDLINKI_remove__FP11SNDLINKLISTP11SNDLINKNODE	
0x803B44E4	0x98	SNDI_cos__Ff	
0x803B457C	0x94	SNDI_sin__Ff	
0x803B4624	0x51C	SNDI_patchtohdr__FPvP11TAGGEDPATCHP15SNDSAMPLEFORMATP13SNDSAMPLEATTRP13SNDSAMPLEDESCPUc	
0x803B4B40	0xAC	iSNDpatchkey__FiPi	
0x803B4BEC	0x88	SNDPKTPLAYI_voicetopackethandle__Fi	
0x803B4C74	0x54	SNDPKTPLAYI_gethighchannel__Fii	
0x803B4CD4	0x34	SNDPKTPLAY_overhead	
0x803B4D08	0xF4	SNDPKTPLAY_create	
0x803B4DFC	0x458	SNDPKTPLAY_start	
0x803B5254	0x128	SNDPKTPLAY_submit	
0x803B537C	0x60	SNDPKTPLAY_submitspace	
0x803B5408	0xA0	SNDPKTPLAY_stop	
0x803B54A8	0x54	SNDPKTPLAY_destroy	
0x803B54FC	0x23C	SNDPKTPLAYI_get__FiiPiT2	
0x803B5738	0x6C	SNDPKTPLAYI_freeframes__Fiii	
0x803B57A4	0xB0	SNDPKTPLAYI_flushcallbackdata__Fv	
0x803B5854	0x94	ReallocBuf__Q23Snd4UtilPPvPiii	
0x803B58E8	0xBC	SNDI_validrendermode__FPiP15SNDIPATCHHEADER	
0x803B59A4	0x5C	randrange__Fi	
0x803B5A28	0x50	SNDARAM_init__Fi	
0x803B5A78	0x54	SNDARAM_setpool__FUii	
0x803B5ACC	0x50	SNDARAM_restore__Fv	
0x803B5B1C	0x50	SNDARAM_constrain__FPUiPi	
0x803B5B6C	0x1C4	SNDARAM_alloc__Fi	
0x803B5D30	0x9C	SNDARAM_free__FUi	
0x803B5DCC	0x60	SFILTER_ft24_32__FPviT0T0i	
0x803B5F18	0x84	SFILTER_modifyHPFFIR8__FP8HPFSTATEPi	
0x803B5F9C	0x68	SFILTER_add	
0x803B6004	0x7C	SFILTER_remove	
0x803B6080	0x3A8	calcFIRCoeffs__FP11SNDFIRSTATEi	
0x803B6454	0xC0	SNDI_fir8__FP11SNDFIRSTATEiPvT2	
0x803B6514	0xA8	SFILTER_lpfRC__FPviT0T0i	
0x803B65FC	0xD0	SFILTER_modifyLPFRC__FP10LPFRCSTATEPi	
0x803B66D4	0x2D8	SFILTER_rsf__FPviT0T0i	
0x803B69AC	0x5C	SFILTER_rsfinit__FP8RSFSTATEii	
0x803B6A08	0x48	MIXI_initunpack16	
0x803B6A50	0x60	MIXI_initunpackmt	
0x803B6AB0	0x48	MIXI_initunpackxa	
0x803B6AF8	0x30	mixc	
0x803B6B30	0xD8	SFILTER_unpackf__FPviT0T0i	
0x803B6C08	0x40	SFILTER_unpackfinit__FPvP16UNPACKINITPARAMS	
0x803B6C50	0xBC	SFILTER_unpacklf__FPviT0T0i	
0x803B6D0C	0x44	SFILTER_unpacklfinit__FPvP16UNPACKINITPARAMS	
0x803B6D58	0x90	SFILTER_unpackmtf__FPviT0T0i	
0x803B6E14	0x100	SFILTER_unpackmtfinit__FPvP16UNPACKINITPARAMS	
0x803B6F1C	0xC8	SFILTER_unpackmtlf__FPviT0T0i	
0x803B7010	0xE0	SFILTER_unpackmtlfinit__FPvP16UNPACKINITPARAMS	
0x803B70F0	0x258	SFILTER_unpackmtpf__FPviT0T0i	
0x803B7374	0x90	SFILTER_unpackmtpfinit__FPvP16UNPACKINITPARAMS	
0x803B7404	0x130	SFILTER_unpackpf__FPviT0T0i	
0x803B7534	0x74	SFILTER_unpackpfinit__FPvP16UNPACKINITPARAMS	
0x803B75A8	0x94	SFILTER_unpackxaf__FPviT0T0i	
0x803B7670	0x90	SFILTER_unpackxafinit__FPvP16UNPACKINITPARAMS	
0x803B7700	0x288	SFILTER_unpackxalf__FPviT0T0i	
0x803B79BC	0xD8	SFILTER_unpackxalfinit__FPvP16UNPACKINITPARAMS	
0x803B7A94	0x1B8	SFILTER_unpackxapf__FPviT0T0i	
0x803B7C78	0x90	SFILTER_unpackxapfinit__FPvP16UNPACKINITPARAMS	
0x803B7D08	0x98	SND_attrsetdef	
0x803B7DA0	0x208	SNDI_patchtohdrgen__FPvPQ29Sndgendef14GENTAGGEDPATCHP15SNDSAMPLEFORMATP13SNDSAMPLEATTRP13SNDSAMPLEDESC	
0x803B7FA8	0x11C	process_raw_block__3SndPQ23Snd10MXAPACKETF	
0x803B80C4	0x150	decodexac__3SndPQ23Snd10MXAPACKETF	
0x803B8294	0x3C	Feed__Q23Snd12CEAXABLKDecfPvii	
0x803B82D0	0x1B8	Decode__Q23Snd12CEAXABLKDecfPPfi	
0x803B8488	0x30	GetState__Q23Snd12CEAXABLKDecf	
0x803B8524	0x60	getbits__3SndPQ23Snd15UTALKSTATE_CODAi	
0x803B8584	0x48	discardbits__3SndPQ23Snd15UTALKSTATE_CODAi	
0x803B85CC	0x1F8	readsamples__3SndPQ23Snd15UTALKSTATE_CODAiPfi	
0x803B87C4	0x68	interpolate__3SndPf	
0x803B882C	0xF4	reftolpc__3SndPfT1	
0x803B8920	0x5C0	filter__3SndPQ23Snd15UTALKSTATE_CODAii	
0x803B8EE0	0x170	initmut__Q23Snd10CMTBLKDecfPUcPQ23Snd15UTALKSTATE_CODAi	
0x803B9050	0x3F8	decodemut__3SndPQ23Snd15UTALKSTATE_CODA	
0x803B9448	0x30	__Q23Snd10CMTBLKDecf	
0x803B9478	0x90	Feed__Q23Snd10CMTBLKDecfPvii	
0x803B9508	0x228	Decode__Q23Snd10CMTBLKDecfPPfi	
0x803B9730	0x40	GetState__Q23Snd10CMTBLKDecf	
0x803B9794	0xC4	rsflc	
0x803B9BC0	0xEC	SetFast__Q24Csis20GlobalVariableHandlePCQ24Csis11InterfaceId	
0x803B9CFC	0x54	SendParameters__Q24Csis9ClassDataPQ24Csis9Parameter	
0x803B9E34	0x188	Subscribe__Q24Csis6SystemPv	
0x803B9FBC	0xE8	Unsubscribe__Q24Csis6SystemPv	
0x803BA0A4	0x74	CallFast__Q24Csis8FunctionPQ24Csis14FunctionHandlePv	
0x803BA240	0x50	CreateInstance__Q24Csis5ClassPQ24Csis11ClassHandlePvPPQ24Csis5Class	
0x803BA80C	0x88	SetFast__Q24Csis14GlobalVariablePQ24Csis20GlobalVariableHandlePv	
0x803BA894	0x78	SubscribeFast__Q24Csis14GlobalVariablePQ24Csis20GlobalVariableHandlePQ24Csis14FunctionClient	
0x803BD844	0x64	FreeBuffer__Q29EAGL4Anim13ScratchBuffer	
0x803BD944	0x3B8	NewFnAnimAux__Q29EAGL4Anim17MemoryPoolManagerQ39EAGL4Anim10AnimTypeId4Type	
0x803BDCFC	0xB8	NewFnAnimAux__Q29EAGL4Anim17MemoryPoolManagerPQ29EAGL4Anim13AnimMemoryMap	
0x803BDDB4	0x9C	InitAnimMemoryMapAux__Q29EAGL4Anim17MemoryPoolManagerPQ29EAGL4Anim13AnimMemoryMap	
0x803BDE50	0x44	_._Q29EAGL4Anim17MemoryPoolManager	
0x803BDEAC	0x48	GetFreePoolSizeAux__Q29EAGL4Anim17MemoryPoolManager	
0x803BE004	0x80	InitAux__Q29EAGL4Anim17MemoryPoolManagerUi	
0x803BE084	0x3C	CleanupAux__Q29EAGL4Anim17MemoryPoolManager	
0x803BE0FC	0x88	DeleteFnAnimAux__Q29EAGL4Anim17MemoryPoolManagerPQ29EAGL4Anim6FnAnim	
0x803BE55C	0x38	Eval__Q29EAGL4Anim14FnRawStateChanffPf	
0x803BE7B4	0x84	GetAnimIndex__Q29EAGL4Anim8AnimBankPCc	
0x803BF49C	0x68	GetLength__CQ29EAGL4Anim17FnCompoundChannelRf	
0x803BFA5C	0x90	UseFPS__Q29EAGL4Anim17FnCompoundChannelb	
0x803C1B50	0x7C	__Q29EAGL4Anim12FnDeltaQFast	
0x803CB654	0xD4	_._Q29EAGL4Anim14FnDeltaSingleQ	
0x803CD534	0x58	__Q29EAGL4Anim11FnDeltaChan	
0x803CD9A4	0x54	GetLength__CQ29EAGL4Anim14FnKeyDeltaChanRf	
0x803CECA4	0x40	GetLength__CQ29EAGL4Anim16FnRawPoseChannelRf	
0x803CECE4	0x30	Eval__Q29EAGL4Anim16FnRawPoseChannelffPf	
0x803CED14	0x30	EvalSQT__Q29EAGL4Anim16FnRawPoseChannelfPfPCQ29EAGL4Anim8BoneMask	
0x803CF2EC	0x90	InitAnimMemoryMap__Q29EAGL4Anim10StatelessQPQ29EAGL4Anim13AnimMemoryMap	
0x803CF5F4	0x188	HandleEvents__Q29EAGL4Anim16CsisEventChannelfPPQ29EAGL4Anim12EventHandlerPvRQ29EAGL4Anim9CsisEvent	
0x803CFC3C	0x70	SetAnimMemoryMap__Q29EAGL4Anim11FnPhaseChanPQ29EAGL4Anim13AnimMemoryMap	
0x803CFCAC	0x1E0	_._Q29EAGL4Anim12FnRunBlender	
0x803D00DC	0x550	SetWeight__Q29EAGL4Anim12FnRunBlenderf	
0x803D1730	0x78	__Q29EAGL4Anim12FnRunBlender	
0x803D1A30	0x88	ComputeEndRootQ__CQ29EAGL4Anim12FnRunBlenderRQ25UMath7Vector4	
0x803D2A14	0x64	__Q29EAGL4Anim13FnTurnBlender	
0x803D2A78	0xA8	_._Q29EAGL4Anim13FnTurnBlender	
0x803D50F4	0x3C	GetLength__CQ29EAGL4Anim10FnPoseAnimRf	
0x803DF1A0	0x344	MultMatrix__5EAGL4PCQ25UMath7Matrix4T1PQ25UMath7Matrix4	
0x803DF74C	0x54	Identify__9FEMatrix4	
0x803E6B3C	0x38	Detach__13EAXTrafficCar	
0x803E92E8	0x174	GetSymbol__CQ25EAGL413DynamicLoaderi	
0x803E9640	0x78	__Q25EAGL413DynamicLoaderPvUiPFPCcRb_Pv	
0x803E9744	0x80	_._Q25EAGL413DynamicLoader	
0x803E97C4	0xDC	Release__Q25EAGL413DynamicLoader	
0x803EA160	0x80	AddSymbol__Q25EAGL410SymbolPoolPCcPv	
0x803EB660	0x94	GetKern__CQ211RealFontOld4FontPCQ211RealFontOld5Glyphw	
0x803EE8F8	0x80	CreateInstance__Q26Realmc9InterfaceRCQ26Realmc15SystemInterface	
0x803EEB08	0x118	_._Q26Realmc11GCInterface	
0x803EF0F0	0xD8	ConvertUmsgToOption__Q26Realmc11GCInterfaceQ26Realmc11UserMessageiQ26Realmc6TaskID	
0x803EFC80	0x40	Clear__Q26Realmc18TaskTrcGetCardInfo	
0x803EFFA0	0x70	EndTask__Q26Realmc11TaskManagerPQ26Realmc4Task	
0x803F0918	0xE4	GetCardName__Q26Realmc11GCInterfaceRCQ26Realmc6CardIDPwi	
0x803F6754	0x74	GetVersionNumber__6RealmcRPCs	
0x803F693C	0xC8	_._Q26Realmc12InterfaceImp	
0x803F6A18	0x8C	Release__Q26Realmc12InterfaceImp	
0x803F6F18	0x30	GetWstrLength__Q26Realmc6LocalePCUw	
0x803F6F50	0x74	AllocateMemSize__6RealmcPCciiii	
0x803F6FC4	0x40	FreeMemSize__6RealmcPvi	
0x803F7048	0x50	Init__Q26Realmc18BlockCalculatorImpPQ26Realmc8GCDriverUi	
0x803F70AC	0x54	SetFileInfo__Q26Realmc18BlockCalculatorImpRCQ26Realmc6CardIDRCQ26Realmc8FileInfo	
0x803F7310	0xA0	_._Q26Realmc8GCDriver	
0x803F73B0	0x100	ConvertCardResult__Q26Realmc8GCDriveri	
0x803F74E0	0xA4	CardExists__Q26Realmc8GCDriverRCQ26Realmc6CardID	
0x803F7604	0x138	GetSectorSize__Q26Realmc8GCDriverRCQ26Realmc6CardID	
0x803F7748	0x184	Mount__Q26Realmc8GCDriverRCQ26Realmc6CardID	
0x803F7EB4	0x30	GetIconSize__Q26Realmc8GCDriverPCQ26Realmc8FileInfo	
0x803F7EE4	0x208	WriteFile__Q26Realmc8GCDriverPQ26Realmc18OpenFileDescriptorPviPi	
0x803F8434	0x1D0	ReadFile__Q26Realmc8GCDriverPQ26Realmc18OpenFileDescriptorPviPi	
0x803F8730	0x78	GetFreeCardSpace__Q26Realmc8GCDriverRCQ26Realmc6CardIDPiT2	
0x803F87A8	0xB4	DeleteFile__Q26Realmc8GCDriverRCQ26Realmc6CardIDPCQ26Realmc8FileInfo	
0x803F88D8	0x6C	FormatCard__Q26Realmc8GCDriverRCQ26Realmc6CardID	
0x803F894C	0x64	IsOurFile__Q26Realmc8GCDriverPCcT1	
0x803F8C44	0x70	SetAttributes__Q26Realmc8GCDriverGQ26Realmc6CardIDPcQ26Realmc13FileAttribute	
0x803F8CB4	0xD8	FindFileNumber__Q26Realmc8GCDriverPcPi	
0x803F8D8C	0x50	NGCSportsBioSeek__Q26Realmc8GCDriverPQ26Realmc16GcFileDescriptoriQ26Realmc8SeekFrom	
0x803F8DDC	0xC8	NGCSportsBioRead__Q26Realmc8GCDriverPQ26Realmc16GcFileDescriptorPviPi	
0x803F8EA4	0xDC	NGCSportsBioWrite__Q26Realmc8GCDriverPQ26Realmc16GcFileDescriptorPviPi	
0x803F8F80	0x78	NGCSportsBioClose__Q26Realmc8GCDriverPQ26Realmc16GcFileDescriptor	
0x803F8FF8	0x11C	NGCSportsBioCreate__Q26Realmc8GCDriverPQ26Realmc16GcFileDescriptor	
0x803F9234	0x48	Clear__Q26Realmc17CmnFileDescriptor	
0x803F927C	0x5C	Init__Q26Realmc17CmnFileDescriptorRCQ26Realmc6CardIDRCQ26Realmc8FileInfoQ26Realmc12FileOpenMode	
0x803F9350	0xA4	Init__Q26Realmc16GcFileDescriptorRCQ26Realmc6CardIDRCQ26Realmc8FileInfoQ26Realmc12FileOpenMode	
0x803FAE94	0x6C	queueadd__FP12REQUESTQUEUEP16REQUESTSTRUCTtag	
0x803FAF00	0x5C	queuefetch__FP12REQUESTQUEUE	
0x803FAF5C	0x30	newrequestid__FP16REQUESTSTRUCTtag	
0x803FAF8C	0x48	locaterequest__Fi	
0x803FB040	0x80	finishrequest__FP16REQUESTSTRUCTtag	
0x803FB0C0	0x38	loadfileclosecallback__FiiPv	
0x803FB59C	0xB0	ASYNCFILE_load__FPCci	
0x803FB764	0x124	ASYNCFILE_release__FiPPvPi	
0x803FCCCC	0x40	validatehandle__FiPP15STREAMHEADERtagPP12TAPSTRUCTtag	
0x803FCD0C	0x40	inbetween__FPcN20	
0x803FCD4C	0x80	decbufferusage__FP15STREAMHEADERtagi	
0x803FCE50	0x7C	queuerequest__FP15STREAMHEADERtagP16REQUESTSTRUCTtag	
0x803FCECC	0x50	locaterequest__FP15STREAMHEADERtagi	
0x803FCF1C	0x80	freerequest__FP15STREAMHEADERtagP16REQUESTSTRUCTtag	
0x803FD33C	0x5C	closecallback__FiiPv	
0x803FD494	0x164	startnextrequest__FP15STREAMHEADERtagi	
0x803FDBC4	0xBC	STREAM_setfilter__Fiiiii	
0x803FDD28	0x50	STREAM_setpriority__Fiii	
0x803FDD78	0x74	STREAM_setgreedylevel__Fii	
0x803FDDEC	0x68	STREAM_setgreedystate__Fii	
0x803FDE54	0x6C	STREAM_taphandle__Fii	
0x803FDEC0	0xF4	STREAM_queuefile__FiPCcii	
0x803FE994	0x5C	STREAM_isendofstream__Fi	
0x803FE9F0	0x48	STREAM_buffersize__Fi	
0x803FF210	0x34	QEndOp__Fv	
0x803FF888	0x10C	TIMER_init__Fi	
0x803FF994	0x40	TIMER_restore__Fv	
0x803FF9D4	0x68	ttDoTimerMsg__Fv	
0x803FFA60	0x1F8	MEM_copy__FPvPCvi	
0x803FFC58	0x144	MEM_fill__FPvUii	
0x803FFD9C	0x78	ThreadRealPriority2GCPriority__Fi	
0x803FFE3C	0x7C	THREAD_create__FP6THREADPFPv_iPvT2ii	
0x803FFEB8	0x54	THREAD_destroy__FP6THREAD	
0x803FFFA8	0x60	THREAD_yield__Fi	
0x80400008	0x60	THREAD_iscurrent__FP6THREAD	
0x80400068	0x60	THREAD_setpriority__FP6THREADi	
0x804000C8	0x4C	THREAD_testexit__FP6THREAD	
0x80400114	0x48	THREAD_waitexit__FP6THREADi	
0x8040015C	0x88	ttInit__Fv	
0x804001E4	0x38	ttKill__Fv	
0x8040024C	0x70	TimerThreadFunc__FPv	
0x80400560	0x7C	Crc32__11RealmcUtilsPCvi	
0x80400690	0x6C	SYSTEM_addexit__FPFv_v	
0x80400EF8	0x5C	ttDoVTimerMsg__Fv	
0x80400F80	0x30	SIGNAL_create__FP6SIGNAL	
0x80401BFC	0x118	MATRIX4_multyrot	
0x804029B8	0x4C	v3add	
0x80402A04	0x4C	v3sub	
0x80402ACC	0x40	v3crossprod	
0x80402C24	0x88	getstringidbyindex__FUsPC12LOCALE_INDEX	
0x80402DE4	0x114	LOCALE_create__FPvi	
0x80402EF8	0xD4	Ascii2Unicode__11RealmcUtilsPwPCc	
0x80406DD4	0x8C	DoFSReadHeader	
0x80406E60	0x5C	InitReadCounts	
0x80406EBC	0x8C	PCreadAsyncNext	
0x80406F48	0xA4	PCreadAsyncInit	
0x80406FEC	0xA0	ReadSyncNext	
0x8040708C	0x184	CompletePCreadAsync	
0x80407210	0xA8	PCrwAsyncFSACK	
0x804072B8	0xD8	PCrwSyncFSACK	
0x80407390	0x54	CompleteAsync	
0x804073E4	0x74	PCrwAsyncNextPh	
0x80407458	0x13C	EXI2TCHandler	
0x80407594	0x70	SNInitEXI2TCHandler	
0x80407648	0x88	ForceDvdTcIrq	
0x804076D0	0x44	ForceDvdDeIrq	
0x80407714	0x80	DvdCallback	
0x80407BA8	0xBC	SNDVDEmuControl	
0x80407C64	0xB8	fclose	
0x80407D1C	0xF4	fflush	
0x80407E10	0x5C	snstd	
0x80407E6C	0xB0	_sn_sinit	
0x80407F1C	0x144	_sn_sfp	
0x80408060	0xEC	_fopen_r	
0x8040814C	0x30	fopen	
0x80408238	0x3E4	fseek	
0x8040861C	0x80	_fwalk	
0x8040869C	0xD8	__smakebuf	
0x80408774	0xAC	printf	
0x80408840	0x174	__srefill	
0x804089B4	0xD8	sprintf	
0x80408B84	0x64	__sread	
0x80408BE8	0x70	__swrite	
0x80408C58	0x64	__sseek	
0x80409BBC	0x34	vprintf	
0x80409BF0	0x5C	vsprintf	
0x80409C4C	0x74	vsnprintf	
0x80409CF0	0x98	atexit	
0x80409DD4	0x98	bsearch	
0x80409EEC	0x31C	_mbtowc_r	
0x8040A208	0x98C	qsort	
0x8040B100	0x90	memcmp	
0x8040B190	0xA4	memcpy	
0x8040B234	0xEC	memmove	
0x8040B320	0x94	memset	
0x8040B448	0x90	strcat	
0x8040B4D8	0x9C	strchr	
0x8040B574	0xA8	strcmp	
0x8040B61C	0x84	strcpy	
0x8040B6A0	0x6C	strlen	
0x8040B750	0xE0	strncmp	
0x8040B830	0xCC	strncpy	
0x8040B8FC	0x4C	strrchr	
0x8040B948	0x68	strstr	
0x8040BAA0	0x5C	strround	
0x8040BAFC	0x4C	strrev	
0x8040BB48	0x7C	itoa	
0x8040BBC4	0x4E8	fftoa	
0x8040C180	0xD8	vfprintf	
0x8040ECE8	0x174	sn_floor	
0x8040EE5C	0x35C	sn_fmod	
0x8040F1B8	0x2FC	sn_log	
0x8040F4B4	0x148	sn_log10	
0x8040F5FC	0x50	_close_r	
0x8040F64C	0x58	_fstat_r	
0x8040F6FC	0x5C	_open_r	
0x8040F89C	0x9C	__sflags	
0x8040FBE0	0xC0	memchr	
0x8040FCA0	0x27C	exp	
0x804101AC	0x214	sqrt	
0x804105F8	0x3C	fabs	
0x80410634	0x15C	floor	
0x80410790	0xE0	sin	
0x80410870	0x24C	acosf	
0x80410ABC	0x22C	asinf	
0x80410CE8	0x220	atan2f	
0x80410F08	0x280	logf	
0x80411188	0xF8	sqrtf	
0x80411280	0x210	atanf	
0x80411490	0xC4	ceilf	
0x80411554	0xDC	cosf	
0x80411654	0xC8	floorf	
0x8041171C	0xDC	sinf	
0x804117F8	0x80	tanf	
0x80411878	0xF4	__kernel_cos	
0x8041196C	0xAC	__kernel_sin	
0x80411A18	0x364	__ieee754_rem_pio2	
0x80411D7C	0xEC	__kernel_cosf	
0x80411E68	0xAC	__kernel_sinf	
0x80411F14	0x214	__kernel_tanf	
0x80412128	0x350	__ieee754_rem_pio2f	
0x80412478	0x888	__kernel_rem_pio2	
0x80412D00	0x884	__kernel_rem_pio2f	
0x80413584	0x154	scalbn	
0x804136D8	0x11C	scalbnf	
0x804137F4	0x50	copysign	
0x80413844	0x34	copysignf	
0x80413878	0x90	__do_global_ctors	
0x80413908	0x38	__main	
0x80413940	0x40	__ashldi3	
0x80413980	0x40	__ashrdi3	
0x804139C0	0x57C	__divdi3	
0x80413F44	0x40	__lshrdi3	
0x80413F84	0x534	__moddi3	
0x804144D8	0x4E4	__udivdi3	
0x804149BC	0x498	__umoddi3	
0x80414F74	0x88	AIInitDMA	
0x8041502C	0xD8	AISetStreamPlayState	
0x80415114	0xE0	AISetDSPSampleRate	
0x80415208	0xD4	__AI_set_stream_sample_rate	
0x80415344	0x16C	AIInit	
0x804154B0	0x7C	__AISHandler	
0x8041552C	0xAC	__AIDHandler	
0x804155D8	0x58	__AICallbackStackSwitch	
0x80415630	0x1E4	__AI_SRC_INIT	
0x80415880	0x3C	ARGetDMAStatus	
0x804158BC	0xF0	ARStartDMA	
0x804159AC	0xC4	ARInit	
0x80415A78	0x78	__ARHandler	
0x80415B20	0x17F4	__ARChecksize	
0x80417314	0x100	__ARQServiceQueueLo	
0x80417418	0xCC	__ARQInterruptServiceRoutine	
0x804174E4	0x70	ARQInit	
0x80417554	0x15C	ARQPostRequest	
0x804176B0	0xE8	ARQRemoveRequest	
0x804177BC	0x4C	AXInitEx	
0x80417808	0x34	AXQuit	
0x80417854	0x74	__AXServiceCallbackStack	
0x80417A7C	0x94	__AXRemoveFromStack	
0x80417B10	0x80	AXFreeVoice	
0x80417B90	0x174	AXAcquireVoice	
0x80417D04	0xE4	__AXAuxInit	
0x80417F50	0x23C	__AXProcessAux	
0x804181A0	0x3C	__AXGetCommandListAddress	
0x804181DC	0x6B0	__AXNextFrame	
0x804188D0	0x1B8	__AXOutNewFrame	
0x80418A88	0xBC	__AXOutAiCallback	
0x80418B50	0x58	__AXDSPResumeCallback	
0x80418BD4	0xCC	__AXOutInitDSP	
0x80418CA0	0x3A0	__AXOutInit	
0x80419040	0x58	__AXOutQuit	
0x804190A4	0x3F8	__AXPrintStudio	
0x804194CC	0x94	__AXDepopVoice	
0x80419568	0x74C	__AXServiceVPB	
0x80419CB4	0x278	__AXSyncPBs	
0x80419F38	0x44	__AXSetPBDefault	
0x80419F7C	0x204	__AXVPBInit	
0x8041A184	0xC4	AXSetVoiceSrcType	
0x8041A248	0x5C	AXSetVoiceState	
0x8041A2A4	0x110	AXSetVoiceAddr	
0x8041A3B4	0xA4	AXSetVoiceAdpcm	
0x8041A458	0x98	AXSetVoiceSrcRatio	
0x8041A4F0	0x6C	AXSetVoiceAdpcmLoop	
0x8041A55C	0x48	__AXGetCurrentProfile	
0x8041A6C8	0x34	__CARDSyncCallback	
0x8041A6FC	0xD8	__CARDExtHandler	
0x8041A7D4	0x118	__CARDExiHandler	
0x8041A8EC	0xA8	__CARDTxHandler	
0x8041A994	0x84	__CARDUnlockedHandler	
0x8041AA18	0xC0	__CARDEnableInterrupt	
0x8041ACB8	0xAC	__CARDClearStatus	
0x8041AD64	0xA4	TimeoutHandler	
0x8041AE08	0x2A0	Retry	
0x8041B0A8	0x110	UnlockedCallback	
0x8041B1B8	0x224	__CARDStart	
0x8041B3DC	0x134	__CARDReadSegment	
0x8041B510	0x13C	__CARDWritePage	
0x8041B64C	0x110	__CARDEraseSector	
0x8041B75C	0xAC	CARDInit	
0x8041B810	0x38	__CARDSetDiskID	
0x8041B848	0xB8	__CARDGetControlBlock	
0x8041B900	0x64	__CARDPutControlBlock	
0x8041B964	0x150	CARDFreeBlocks	
0x8041BAB4	0x84	CARDGetSectorSize	
0x8041BB38	0x98	__CARDSync	
0x8041BBD0	0x50	OnReset	
0x8041BC78	0xD4	WriteCallback	
0x8041BE14	0x118	__CARDAllocBlock	
0x8041BF2C	0x9C	__CARDFreeBlock	
0x8041BFC8	0xAC	__CARDUpdateFatBlock	
0x8041C07C	0xD0	WriteCallback	
0x8041C214	0xC4	__CARDUpdateDir	
0x8041C2D8	0x1B0	__CARDCheckSum	
0x8041C488	0x284	VerifyID	
0x8041C70C	0x240	VerifyDir	
0x8041C94C	0x284	VerifyFAT	
0x8041CBD0	0x8C	__CARDVerify	
0x8041CC5C	0x590	CARDCheckExAsync	
0x8041D1EC	0x54	CARDCheck	
0x8041D240	0xCC	IsCard	
0x8041D30C	0x17C	CARDProbeEx	
0x8041D488	0x454	DoMount	
0x8041D8DC	0x138	__CARDMountCallback	
0x8041DA14	0x1A0	CARDMountAsync	
0x8041DBFC	0x9C	DoUnmount	
0x8041DC98	0xAC	CARDUnmount	
0x8041DD44	0x144	FormatCallback	
0x8041DE88	0x658	__CARDFormatRegionAsync	
0x8041E4E0	0x54	CARDFormat	
0x8041E534	0x68	__CARDCompareFileName	
0x8041E59C	0x94	__CARDAccess	
0x8041E630	0x134	__CARDIsWritable	
0x8041E764	0xF4	__CARDIsReadable	
0x8041E858	0x150	__CARDGetFileNo	
0x8041E9A8	0x104	CARDFastOpen	
0x8041EAAC	0x11C	CARDOpen	
0x8041EBC8	0x54	CARDClose	
0x8041EC24	0x130	CreateCallbackFat	
0x8041ED54	0x220	CARDCreateAsync	
0x8041EF74	0x48	CARDCreate	
0x8041EFBC	0x1B8	__CARDSeek	
0x8041F174	0x130	ReadCallback	
0x8041F2A4	0x144	CARDReadAsync	
0x8041F430	0x170	WriteCallback	
0x8041F5A0	0xB0	EraseCallback	
0x8041F650	0x114	CARDWriteAsync	
0x8041F7AC	0xA4	DeleteCallback	
0x8041F850	0x12C	CARDFastDeleteAsync	
0x8041F9C4	0x110	CARDDeleteAsync	
0x8041FB1C	0x1F8	UpdateIconOffsets	
0x8041FD14	0x114	CARDGetStatus	
0x8041FE28	0x174	CARDSetStatusAsync	
0x80420228	0xE4	CARDSetAttributesAsync	
0x80420354	0x16C	bitrev	
0x804204C0	0x144	ReadArrayUnlock	
0x80420604	0xC4	DummyLen	
0x804206C8	0xB58	__CARDUnlock	
0x80421220	0x70	InitCallback	
0x80421290	0x324	DoneCallback	
0x804215B4	0xDC	BlockReadCallback	
0x80421690	0x64	__CARDRead	
0x804216F4	0xE8	BlockWriteCallback	
0x804217DC	0x68	__CARDWrite	
0x80421844	0xA4	__CARDGetStatusEx	
0x804218E8	0x29C	__CARDSetStatusExAsync	
0x80421BAC	0x48	__DBExceptionDestinationAux	
0x80421CBC	0xC4	DSPInit	
0x80421D88	0x70	DSPAddTask	
0x80421DF8	0x40	DSPCancelTask	
0x80421E38	0xC8	DSPAssertTask	
0x80421F50	0x424	__DSPHandler	
0x80422374	0x1A0	__DSP_exec_task	
0x80422514	0x18C	__DSP_boot_task	
0x804226A0	0xA0	__DSP_insert_task	
0x80422740	0x94	__DSP_remove_task	
0x804227D4	0x38	__DVDFSInit	
0x8042280C	0x2F4	DVDConvertPathToEntrynum	
0x80422B00	0x74	DVDFastOpen	
0x80422EE4	0xC0	DVDReadAsyncPrio	
0x80422FA4	0x30	cbForReadAsync	
0x80422FD8	0xD8	DVDInit	
0x804230B0	0x94	stateReadingFST	
0x80423144	0x80	cbForStateReadingFST	
0x804231C4	0xAC	cbForStateError	
0x80423270	0x34	stateTimeout	
0x804232CC	0xB4	CategorizeError	
0x80423380	0x264	cbForStateGettingError	
0x804235E4	0x5C	cbForUnrecoveredError	
0x80423640	0x80	cbForUnrecoveredErrorRetry	
0x804236E8	0x140	cbForStateGoToRetry	
0x80423828	0xE0	stateCheckID	
0x80423970	0x68	cbForStateCheckID2a	
0x804239D8	0x38	stateCheckID2	
0x80423A10	0xFC	cbForStateCheckID1	
0x80423B0C	0xD8	cbForStateCheckID2	
0x80423BE4	0xF0	cbForStateCheckID3	
0x80423CD4	0x44	AlarmHandler	
0x80423D18	0xD4	stateCoverClosed	
0x80423DEC	0x30	stateCoverClosed_CMD	
0x80423E1C	0x64	cbForStateCoverClosed	
0x80423EA8	0xEC	cbForStateMotorStopped	
0x80423F94	0x2E8	stateReady	
0x8042427C	0x340	stateBusy	
0x804245BC	0x658	cbForStateBusy	
0x80424C14	0xDC	DVDReadAbsAsyncPrio	
0x80424CF0	0xD0	DVDReadAbsAsyncForBS	
0x80424DC0	0xD4	DVDReadDiskID	
0x80424E94	0xBC	DVDCancelStreamAsync	
0x80424F50	0xD0	DVDInquiryAsync	
0x80425020	0x44	DVDReset	
0x80425064	0x4C	DVDGetCommandBlockStatus	
0x804250B0	0xAC	DVDGetDriveStatus	
0x8042516C	0x50	DVDResume	
0x804251BC	0x27C	DVDCancelAsync	
0x80425438	0xAC	DVDCancel	
0x80425510	0xF8	DVDCheckDisk	
0x80425608	0x11C	__DVDPrepareResetAsync	
0x80425724	0x38	__DVDTestAlarm	
0x8042575C	0x38	__DVDClearWaitingQueue	
0x80425794	0x68	__DVDPushWaitingQueue	
0x804257FC	0xA0	__DVDPopWaitingQueue	
0x8042589C	0x58	__DVDCheckWaitingQueue	
0x804258F4	0x60	__DVDDequeueWaitingQueue	
0x80425954	0x11C	ErrorCode2Num	
0x80425A70	0x7C	__DVDStoreErrorCode	
0x80425AEC	0xF8	DVDCompareDiskID	
0x80425BE4	0x30	__DVDPrintFatalMessage	
0x80425C14	0xD8	cb	
0x80425CEC	0x168	__fstLoad	
0x80425E54	0x40	__DVDInitWA	
0x80425E94	0x2E0	__DVDInterruptHandler	
0x80426174	0x84	AlarmHandler	
0x804261F8	0x70	AlarmHandlerForTimeout	
0x80426268	0x110	Read	
0x80426378	0x80	SeekTwiceBeforeRead	
0x804263F8	0x298	DVDLowRead	
0x80426690	0x94	DVDLowSeek	
0x80426750	0xA4	DVDLowReadDiskID	
0x8042690C	0x9C	DVDLowInquiry	
0x804269A8	0x98	DVDLowAudioStream	
0x80426A40	0x8C	DVDLowRequestAudioStatus	
0x80426ACC	0x9C	DVDLowAudioBufferConfig	
0x80426B68	0xBC	DVDLowReset	
0x80426C54	0x44	__DVDLowSetWAType	
0x80426C98	0x38	__DVDLowTestAlarm	
0x80426CD0	0xF4	SetExiInterruptMask	
0x80426DC4	0x25C	EXIImm	
0x80427020	0xA0	EXIImmEx	
0x804270C0	0xEC	EXIDma	
0x804271AC	0x24C	EXISync	
0x804273F8	0x48	EXIClearInterrupts	
0x80427440	0x7C	EXISetExiCallback	
0x804274BC	0x174	__EXIProbe	
0x80427630	0x80	EXIProbe	
0x804276B0	0xB4	EXIProbeEx	
0x80427764	0x10C	EXIAttach	
0x80427870	0xBC	EXIDetach	
0x8042792C	0x12C	EXISelect	
0x80427A58	0x110	EXIDeselect	
0x80427B68	0xC8	EXIIntrruptHandler	
0x80427C30	0x218	TCIntrruptHandler	
0x80427E48	0xD0	EXTIntrruptHandler	
0x80427F18	0x1D4	EXIInit	
0x804280EC	0xF4	EXILock	
0x804281E0	0xDC	EXIUnlock	
0x804282FC	0x3B0	EXIGetID	
0x804286AC	0x18C	ProbeBarnacle	
0x80428838	0x1BC	__OSEnableBarnacle	
0x804289F4	0x70	InitializeUART	
0x80428A64	0x200	WriteUARTN	
0x80428C64	0xFC	__GXDefaultTexRegionCallback	
0x80428D84	0x190	__GXShutdown	
0x80428F14	0x1A4	__GXInitRevisionBits	
0x804290B8	0x600	GXInit	
0x804296B8	0x938	__GXInitGX	
0x80429FF0	0x134	GXCPInterruptHandler	
0x8042A124	0x6C	GXInitFifoBase	
0x8042A190	0x70	GXInitFifoPtrs	
0x8042A20C	0x128	GXSetCPUFifo	
0x8042A668	0x4C	__GXFifoInit	
0x8042A6FC	0x34	__GXFifoLink	
0x8042A730	0x30	__GXWriteFifoIntEnable	
0x8042A760	0x30	__GXWriteFifoIntReset	
0x8042AB48	0x26C	GXSetVtxDesc	
0x8042ADB4	0x288	GXSetVtxDescv	
0x8042B03C	0xBC	__GXSetVCD	
0x8042B0F8	0x124	__GXCalculateVLim	
0x8042B21C	0x1B4	GXGetVtxDesc	
0x8042B460	0x38	GXClearVtxDesc	
0x8042B498	0x25C	GXSetVtxAttrFmt	
0x8042B6F4	0x280	GXSetVtxAttrFmtv	
0x8042B974	0x88	__GXSetVAT	
0x8042B9FC	0x280	GXGetVtxAttrFmt	
0x8042BC7C	0x44	GXSetArray	
0x8042BCD0	0x280	GXSetTexCoordGen2	
0x8042BF50	0x3C	GXSetNumTexGens	
0x8042BF8C	0x94	GXSetMisc	
0x8042C020	0x5C	GXFlush	
0x8042C07C	0x16C	__GXAbort	
0x8042C3B0	0xB4	GXSetDrawSync	
0x8042C464	0x80	GXDrawDone	
0x8042C554	0x64	GXPokeBlendMode	
0x8042C670	0x88	GXTokenInterruptHandler	
0x8042C73C	0x80	GXFinishInterruptHandler	
0x8042C7BC	0x74	__GXPEInit	
0x8042C830	0x80	__GXSetDirtyState	
0x8042C8B0	0xD0	GXBegin	
0x8042C980	0x88	__GXSendFlushPrim	
0x8042CA08	0x40	GXSetLineWidth	
0x8042CA48	0x40	GXSetPointSize	
0x8042CA88	0x48	GXEnableTexOffsets	
0x8042CB14	0x34	GXSetCoPlanar	
0x8042CB6C	0x144	GXAdjustForOverscan	
0x8042CDA8	0x34	GXSetDispCopyDst	
0x8042CDDC	0x130	GXSetTexCopyDst	
0x8042CF30	0x58	GXSetCopyClamp	
0x8042D1C0	0xCC	GXSetDispCopyYScale	
0x8042D28C	0x78	GXSetCopyClear	
0x8042D304	0x208	GXSetCopyFilter	
0x8042D520	0x168	GXCopyDisp	
0x8042D688	0x18C	GXCopyTex	
0x8042D814	0x38	GXClearBoundingBox	
0x8042D84C	0x190	GXInitLightSpot	
0x8042D9F8	0x7C	GXLoadLightObjImm	
0x8042DC44	0x3C	GXSetNumChans	
0x8042DC80	0xB0	GXSetChanCtrl	
0x8042DD30	0x64	__GXGetTexTileShift	
0x8042DD94	0x15C	GXGetTexBufferSize	
0x8042DEF0	0xC8	__GetImageTileCount	
0x8042DFB8	0x24C	GXInitTexObj	
0x8042E204	0x48	GXInitTexObjCI	
0x8042E24C	0x164	GXInitTexObjLOD	
0x8042E414	0x17C	GXLoadTexObjPreLoaded	
0x8042E590	0x54	GXLoadTexObj	
0x8042E5E4	0x38	GXInitTlutObj	
0x8042E61C	0x98	GXLoadTlut	
0x8042E6B4	0xF4	GXInitTexCacheRegion	
0x8042E7A8	0x38	GXInitTlutRegion	
0x8042E7E0	0x48	GXInvalidateTexAll	
0x8042E850	0xA0	__SetSURegs	
0x8042E8F0	0x17C	__GXSetSUTexRegs	
0x8042EA6C	0x354	__GXSetTmemConfig	
0x8042EDC0	0x6C	GXSetTevIndirect	
0x8042EE2C	0x178	GXSetIndTexMtx	
0x8042EFA4	0x144	GXSetIndTexCoordScale	
0x8042F0E8	0xEC	GXSetIndTexOrder	
0x8042F28C	0x30	__GXSetIndirectMask	
0x8042F2E0	0x8C	GXSetTevOp	
0x8042F36C	0x44	GXSetTevColorIn	
0x8042F3B0	0x44	GXSetTevAlphaIn	
0x8042F4C4	0x64	GXSetTevKColor	
0x8042F528	0x5C	GXSetTevKColorSel	
0x8042F584	0x5C	GXSetTevKAlphaSel	
0x8042F5E0	0x48	GXSetTevSwapMode	
0x8042F628	0x80	GXSetTevSwapModeTable	
0x8042F6A8	0x44	GXSetAlphaCompare	
0x8042F6EC	0x8C	GXSetZTexture	
0x8042F778	0x19C	GXSetTevOrder	
0x8042F93C	0x214	GXSetFog	
0x8042FD00	0x124	GXSetFogRangeAdj	
0x8042FE24	0x54	GXSetBlendMode	
0x8042FED0	0x34	GXSetZMode	
0x8042FF04	0x34	GXSetZCompLoc	
0x8042FF38	0xD4	GXSetPixelFmt	
0x80430038	0x3C	GXSetDstAlpha	
0x80430074	0x38	GXSetFieldMask	
0x804300AC	0x78	GXSetFieldMode	
0x80430124	0x70	GXCallDisplayList	
0x80430194	0xA4	GXSetProjection	
0x80430238	0x8C	GXSetProjectionv	
0x804302C4	0x50	GXLoadPosMtxImm	
0x80430314	0x50	GXLoadNrmMtxImm	
0x80430364	0x34	GXSetCurrentMtx	
0x80430398	0xB4	GXLoadTexMtxImm	
0x8043044C	0x90	__GXSetViewport	
0x804304DC	0x58	GXSetViewportJitter	
0x80430534	0x48	GXSetViewport	
0x8043057C	0x78	GXSetScissor	
0x804305F4	0x40	GXSetScissorBoxOffset	
0x8043065C	0x84	__GXSetMatrixIndex	
0x804306E0	0x848	GXSetGPMetric	
0x80430F28	0x1A8	GXReadGPMetric	
0x804310E0	0x138	GXReadPixMetric	
0x8043124C	0xCC	PSMTXConcat	
0x80431318	0x34	PSMTXTrans	
0x80431374	0xCC	C_MTXLightPerspective	
0x80431440	0x54	PSMTXMultVec	
0x80431494	0xD0	C_MTXPerspective	
0x80431564	0x98	C_MTXOrtho	
0x804315FC	0x104	PSMTX44Concat	
0x80431700	0x128	__OSFPRInit	
0x80431850	0x3C	InquiryCallback	
0x8043188C	0x4E0	OSInit	
0x80431D6C	0x280	OSExceptionInit	
0x80432044	0x9C	OSExceptionVector	
0x804320E0	0x58	OSDefaultExceptionHandler	
0x80432138	0x54	__OSPSInit	
0x804321CC	0x58	OSInitAlarm	
0x80432234	0x250	InsertAlarm	
0x80432484	0x68	OSSetAlarm	
0x804324EC	0x7C	OSSetPeriodicAlarm	
0x80432568	0x11C	OSCancelAlarm	
0x80432684	0x230	DecrementerExceptionCallback	
0x80432904	0xA0	OnReset	
0x80432A50	0xFC	OSAllocFromHeap	
0x80432BD8	0x70	OSInitAlloc	
0x80432C48	0x6C	OSCreateHeap	
0x80432D00	0x1BC	__OSInitAudioSystem	
0x80432EBC	0xD8	__OSStopAudioSystem	
0x80432FD4	0x30	DCFlushRange	
0x80433004	0x30	DCStoreRange	
0x8043308C	0x34	ICInvalidateRange	
0x8043310C	0x98	L2GlobalInvalidate	
0x804331A4	0x160	DMAErrorHandler	
0x80433304	0xF4	__OSCacheInit	
0x804333F8	0x124	__OSLoadFPUContext	
0x8043351C	0x128	__OSSaveFPUContext	
0x8043364C	0x5C	OSSetCurrentContext	
0x804336B4	0x80	OSSaveContext	
0x80433734	0xD8	OSLoadContext	
0x80433838	0xBC	OSInitContext	
0x804338F4	0x2A8	OSDumpContext	
0x80433B9C	0x84	OSSwitchFPUContext	
0x80433C20	0x48	__OSContextInit	
0x80433C68	0x80	OSReport	
0x80433CE8	0x12C	OSPanic	
0x80433E14	0x218	OSSetErrorHandler	
0x8043402C	0x2E8	__OSUnhandledException	
0x80434314	0x188	PackArgs	
0x804344D8	0x6C	ReadDisc	
0x80434550	0x40	__OSGetExecParams	
0x80434590	0xC4	GetApploaderPosition	
0x80434654	0x484	__OSBootDolSimple	
0x80434AD8	0x19C	__OSBootDol	
0x80434C74	0x174	GetFontCode	
0x80434DE8	0x64	OSGetFontEncode	
0x80434E4C	0x13C	ParseStringS	
0x80435004	0x74	__OSInterruptInit	
0x80435078	0x2D8	SetInterruptMask	
0x80435350	0x88	__OSMaskInterrupts	
0x804353D8	0x88	__OSUnmaskInterrupts	
0x80435460	0x344	__OSDispatchInterrupt	
0x8043580C	0x60	OSInitMessageQueue	
0x8043586C	0xC8	OSSendMessage	
0x80435934	0xDC	OSReceiveMessage	
0x80435A10	0x3C	OnReset	
0x80435A4C	0x6C	MEMIntrruptHandler	
0x80435BD0	0x118	__OSInitMemoryProtection	
0x80435CE8	0x38	OSInitMutex	
0x80435D20	0xDC	OSLockMutex	
0x80435DFC	0xC8	OSUnlockMutex	
0x80435EC4	0x70	__OSUnlockAllMutex	
0x80435F34	0x70	__OSReboot	
0x80435FB8	0x84	OSRegisterResetFunction	
0x8043603C	0xA8	__OSCallResetFunctions	
0x804360E4	0x70	Reset	
0x80436154	0x68	KillThreads	
0x804361BC	0x48	__OSDoHotReset	
0x80436204	0x200	OSResetSystem	
0x80436404	0x38	OSGetResetCode	
0x8043643C	0xF4	__OSResetSWInterruptHandler	
0x80436530	0x298	OSGetResetButtonState	
0x804367E8	0x60	WriteSramCallback	
0x80436848	0x118	WriteSram	
0x80436960	0x13C	__OSInitSram	
0x80436A9C	0x5C	__OSLockSram	
0x80436AF8	0x5C	__OSLockSramEx	
0x80436B54	0x33C	UnlockSram	
0x80436EE8	0x70	OSGetProgressiveMode	
0x80436F58	0xA4	OSSetProgressiveMode	
0x80436FFC	0x84	OSGetWirelessID	
0x80437080	0xAC	OSSetWirelessID	
0x8043712C	0x70	OSGetGbsMode	
0x8043719C	0xB8	OSSetGbsMode	
0x80437274	0x64	__OSInitSystemCall	
0x804372DC	0x158	__OSThreadInit	
0x80437450	0x34	OSIsThreadTerminated	
0x80437504	0x68	UnsetRun	
0x8043756C	0x3C	__OSGetEffectivePriority	
0x804375A8	0x1C0	SetEffectivePriority	
0x80437768	0x50	__OSPromoteThread	
0x804377B8	0x228	SelectThread	
0x804379E0	0x30	__OSReschedule	
0x80437A10	0x3C	OSYieldThread	
0x80437A4C	0x1E8	OSCreateThread	
0x80437C34	0xE4	OSExitThread	
0x80437D18	0x1BC	OSCancelThread	
0x80437ED4	0x288	OSResumeThread	
0x8043815C	0x170	OSSuspendThread	
0x804382CC	0xEC	OSSleepThread	
0x804383B8	0x104	OSWakeupThread	
0x804384BC	0xC0	OSSetThreadPriority	
0x8043857C	0xAC	OSClearStack	
0x80438648	0x64	__OSGetSystemTime	
0x804386AC	0x58	__OSTimeToSystemTime	
0x80438724	0x54	__init_cpp	
0x80438A2C	0x1A4	UpdateOrigin	
0x80438BD0	0xC4	PADOriginCallback	
0x80438C94	0xCC	PADOriginUpdateCallback	
0x80438D60	0xD8	PADProbeCallback	
0x80438E38	0x32C	PADTypeAndStatusCallback	
0x80439164	0x140	PADReceiveCheckCallback	
0x804392A4	0x110	PADReset	
0x804393B4	0x114	PADRecalibrate	
0x804394C8	0x150	PADInit	
0x80439618	0x300	PADRead	
0x80439918	0xB8	PADControlMotor	
0x804399D0	0x60	PADSetSpec	
0x80439A30	0x174	SPEC0_MakeStatus	
0x80439BA4	0x174	SPEC1_MakeStatus	
0x80439D18	0x470	SPEC2_MakeStatus	
0x8043A188	0xBC	OnReset	
0x8043A2F8	0x7C	__PADDisableRecalibration	
0x8043A394	0x3C	SIIsChanBusy	
0x8043A3D0	0x2FC	CompleteTransfer	
0x8043A6CC	0x344	SIInterruptHandler	
0x8043AA10	0x98	SIEnablePollingInterrupt	
0x8043AAA8	0xCC	SIRegisterPollingHandler	
0x8043AB74	0xF4	SIUnregisterPollingHandler	
0x8043AC68	0xB4	SIInit	
0x8043AD1C	0x20C	__SITransfer	
0x8043AF28	0x7C	SIGetStatus	
0x8043AFC8	0x6C	SISetXY	
0x8043B034	0x9C	SIEnablePolling	
0x8043B0D0	0x6C	SIDisablePolling	
0x8043B13C	0xD4	SIGetResponseRaw	
0x8043B210	0xC4	SIGetResponse	
0x8043B2D4	0x8C	AlarmHandler	
0x8043B360	0x16C	SITransfer	
0x8043B4CC	0x298	GetTypeCallback	
0x8043B764	0x1C4	SIGetType	
0x8043B928	0x13C	SIGetTypeAsync	
0x8043BA64	0xE4	SISetSamplingRate	
0x8043BB6C	0x274	__VIRetraceHandler	
0x8043BE24	0xA8	getTiming	
0x8043BECC	0x204	__VIInit	
0x8043C0D0	0x4B0	VIInit	
0x8043C580	0x54	VIWaitForRetrace	
0x8043C5D4	0x2D4	setFbbRegs	
0x8043C8A8	0x1A0	setVerticalRegs	
0x8043CA48	0x808	VIConfigure	
0x8043D250	0x130	VIFlush	
0x8043D380	0x6C	VISetNextFrameBuffer	
0x8043D3EC	0x7C	VISetBlack	
0x8043D468	0x3C	GetCurrentDisplayPosition	
0x8043D4A4	0x68	getCurrentFieldEvenOdd	
0x8043D50C	0x9C	VIGetNextField	
0x8043D5A8	0x98	VIGetCurrentLine	
0x8043D640	0x68	VIGetTvFormat	
0x8043D6A8	0x3C	VIGetDTVStatus	
0x8043D6E4	0x21C	__VIDisplayPositionToXY	
0x8043D900	0x60	__VIGetCurrentPosition	
0x8043D960	0x9C	VMInit	
0x8043DA1C	0x30	__VMAllocMRAMSwapSpace	
0x8043DA4C	0x1FC	__VMSwapPageIn	
0x8043DD24	0x44	__VMGetPageToReplace	
0x8043DD68	0x1D0	__VMPageReplacementLRU	
0x8043DF38	0x94	__VMPageReplacementRandom	
0x8043DFCC	0x6C	__VMPageReplacementFIFO	
0x8043E038	0x100	VMAlloc	
0x8043E138	0x40	__VMTranslateVMPageToARAMPage	
0x8043E198	0x38	__VMMappingErrorAlert	
0x8043E1FC	0xA8	__VMAllocVirtualToARAMLUT	
0x8043E2A4	0xA0	__VMAllocARAMToVirtualLUT	
0x8043E34C	0x260	DBWrite	
0x8043E5AC	0x8C	DBRead	
0x8043E638	0x9C	DBQueryData	
0x8043E6D4	0x54	DBInitInterrupts	
0x8043E728	0x78	DBInitComm	
0x8043E7A0	0x40	DBGHandler	
0x8043E7E0	0x3C	MWCallback	
0x8043E8C8	0xDC	DBGWrite	
0x8043E9A4	0xDC	DBGRead	
0x8043EB2C	0x298	DBGEXIImm	
0x8043EDC4	0x5C	__sn_serialp	
0x8043EE20	0x50	_write	
0x8043EF00	0xA4	open	
0x8043EFC0	0x4C	_savegpr_14	
0x8043F00C	0x4C	_restgpr_14	
0x8043F058	0xCC	VMBASEInit	
0x8043F124	0x94	VMBASESetPageTableEntry	
0x8043F1B8	0x8C	VMBASEClearPageTableEntry	
0x8043F2BC	0x90	VMBASESetPageReferenced	
0x8043F3E4	0x3C	__VMBASEInitPageTable	
0x8043F480	0x158	__VMBASEInvalidatePageTable	
0x8043F5D8	0xD8	__VMBASEInvalidateLockedPageTable	
0x8043F6B0	0x78	__VMBASEInvalidateReversePageTable	
0x8043F808	0x58	__VMBASEInvalidateEntireTLB	
0x8043F860	0x54	__VMBASESetupVMRegisters	
0x8043F8FC	0x17C	__VMBASESetupExceptionHandlers	
0x8043FBBC	0x64	__VMBASEDSIServiceException	
0x8043FD60	0x58	__VMBASEISIServiceException	
0x804ACAFC	0x50	_TranslateTaskResult__Q211RealmcIface20MemcardInterfaceImplQ26Realmc10TaskResult	
0x804DE9B8	0x34	bServiceFileSystem__Fv	
0x8051F42C	0x44	Restore__21GcDvdFileDeviceDriver	
0x8059AB2C	0x30	SetPriority__8MyThreadi	
