0x800047A8	0x30	UrbzModeNewGameState::Reset(void)	c:\BuildAgent\cm3-build22-NGC\CMBuild\output\obj\u2_ngc_release_dvd\urbzmode.obj
0x8007F9B4	0x34	BIG_version(void *)	c:\BuildAgent\cm3-build22-NGC\CMBuild\output\lib\engine_ngc_release_dvd.lib(locatbig.obj)
0x8014463C	0x5C	ENgcAudio::~ENgcAudio(void)	c:\BuildAgent\cm3-build22-NGC\CMBuild\output\lib\engine_ngc_release_dvd.lib(e_ngcaudio.obj)
0x80179B58	0x38	EDataHeader::EDataHeader(void)	c:\BuildAgent\cm3-build22-NGC\CMBuild\output\lib\engine_ngc_release_dvd.lib(e_dataheader.obj)
0x80270730	0x58	EResPrefetchFile::EResPrefetchFile(void)	c:\BuildAgent\cm3-build22-NGC\CMBuild\output\lib\engine_ngc_release_dvd.lib(e_resprefetchfile.obj)
0x8027DED4	0x34	CasSimDescriptionS2C::CasSimDescriptionS2C(void)	c:\BuildAgent\cm3-build22-NGC\CMBuild\output\obj\u2_ngc_release_dvd\cassimdescription.obj
0x802C85AC	0x44	InteractorModule::InteractorVisualizer::Shutdown(void)	c:\BuildAgent\cm3-build22-NGC\CMBuild\output\obj\u2_ngc_release_dvd\interactorvisualizer.obj
0x803224E8	0x48	EDatasetManager::EDatasetManager(void)	c:\BuildAgent\cm3-build22-NGC\CMBuild\output\lib\engine_ngc_release_dvd.lib(e_datasetman.obj)
0x8033E5C4	0x3C	EAllocGroup::RemoveAllocExternal(void *)	c:\BuildAgent\cm3-build22-NGC\CMBuild\output\lib\engine_ngc_release_dvd.lib(e_allocgroup.obj)
0x8035B718	0x4C	BitMatrix64::BitMatrix64(void)	c:\BuildAgent\cm3-build22-NGC\CMBuild\output\obj\u2_ngc_release_dvd\bitarray.obj
0x8035D908	0x64	BitMatrix64::~BitMatrix64(void)	c:\BuildAgent\cm3-build22-NGC\CMBuild\output\obj\u2_ngc_release_dvd\bitarray.obj
0x80361118	0x4C	cXPersonImpl::Place(FTilePt &, int, cXObject *, int)	c:\BuildAgent\cm3-build22-NGC\CMBuild\output\obj\u2_ngc_release_dvd\person.obj
0x8038EB78	0x54	__static_initialization_and_destruction_0	c:\BuildAgent\cm3-build22-NGC\CMBuild\output\obj\u2_ngc_release_dvd\plumbbob.obj
0x80390214	0x34	StaticIsSkillUpgradeObject(int)	c:\BuildAgent\cm3-build22-NGC\CMBuild\output\obj\u2_ngc_release_dvd\targets_tsc3.obj
0x803FC698	0x100	BIG_debuginfo(void *, int *, unsigned int *)	c:\BuildAgent\cm3-build22-NGC\CMBuild\output\lib\engine_ngc_release_dvd.lib(locatbig.obj)
0x80406DD4	0x8C	DoFSReadHeader	C:\Program Files\SN Systems\ngc\lib\libsn.a(FSasync.o)
0x80406E60	0x5C	InitReadCounts	C:\Program Files\SN Systems\ngc\lib\libsn.a(FSasync.o)
0x80406EBC	0x8C	PCreadAsyncNext	C:\Program Files\SN Systems\ngc\lib\libsn.a(FSasync.o)
0x80406F48	0xA4	PCreadAsyncInit	C:\Program Files\SN Systems\ngc\lib\libsn.a(FSasync.o)
0x80406FEC	0xA0	ReadSyncNext	C:\Program Files\SN Systems\ngc\lib\libsn.a(FSasync.o)
0x8040708C	0x184	CompletePCreadAsync	C:\Program Files\SN Systems\ngc\lib\libsn.a(FSasync.o)
0x80407210	0xA8	PCrwAsyncFSACK	C:\Program Files\SN Systems\ngc\lib\libsn.a(FSasync.o)
0x804072B8	0xD8	PCrwSyncFSACK	C:\Program Files\SN Systems\ngc\lib\libsn.a(FSasync.o)
0x80407390	0x54	CompleteAsync	C:\Program Files\SN Systems\ngc\lib\libsn.a(FSasync.o)
0x804073E4	0x74	PCrwAsyncNextPh	C:\Program Files\SN Systems\ngc\lib\libsn.a(FSasync.o)
0x80407458	0x13C	EXI2TCHandler	C:\Program Files\SN Systems\ngc\lib\libsn.a(FSasync.o)
0x80407594	0x70	SNInitEXI2TCHandler	C:\Program Files\SN Systems\ngc\lib\libsn.a(FSasync.o)
0x80407648	0x88	ForceDvdTcIrq	C:\Program Files\SN Systems\ngc\lib\libsn.a(sndvd.o)
0x804076D0	0x44	ForceDvdDeIrq	C:\Program Files\SN Systems\ngc\lib\libsn.a(sndvd.o)
0x80407714	0x80	DvdCallback	C:\Program Files\SN Systems\ngc\lib\libsn.a(sndvd.o)
0x80407BA8	0xBC	SNDVDEmuControl	NotDvdDsi
0x80407D1C	0xF4	fflush	C:\Program Files\SN Systems\ngc\lib\libc.a(fflush.obj)
0x80407E10	0x5C	snstd	C:\Program Files\SN Systems\ngc\lib\libc.a(fopen.obj)
0x80407E6C	0xB0	_sn_sinit	C:\Program Files\SN Systems\ngc\lib\libc.a(fopen.obj)
0x80407F1C	0x144	_sn_sfp	C:\Program Files\SN Systems\ngc\lib\libc.a(fopen.obj)
0x80408060	0xEC	_fopen_r	C:\Program Files\SN Systems\ngc\lib\libc.a(fopen.obj)
0x80408238	0x3E4	fseek	C:\Program Files\SN Systems\ngc\lib\libc.a(fseek.obj)
0x8040861C	0x80	_fwalk	C:\Program Files\SN Systems\ngc\lib\libc.a(fwalk.obj)
0x8040869C	0xD8	__smakebuf	C:\Program Files\SN Systems\ngc\lib\libc.a(makebuf.obj)
0x80408840	0x174	__srefill	C:\Program Files\SN Systems\ngc\lib\libc.a(refill.obj)
0x804089B4	0xD8	sprintf	C:\Program Files\SN Systems\ngc\lib\libc.a(sprintf.obj)
0x80408B84	0x64	__sread	C:\Program Files\SN Systems\ngc\lib\libc.a(stdio.obj)
0x80408BE8	0x70	__swrite	C:\Program Files\SN Systems\ngc\lib\libc.a(stdio.obj)
0x80408C58	0x64	__sseek	C:\Program Files\SN Systems\ngc\lib\libc.a(stdio.obj)
0x80409BBC	0x34	vprintf	C:\Program Files\SN Systems\ngc\lib\libc.a(vprintf.obj)
0x80409BF0	0x5C	vsprintf	C:\Program Files\SN Systems\ngc\lib\libc.a(vsprintf.obj)
0x80409C4C	0x74	vsnprintf	C:\Program Files\SN Systems\ngc\lib\libc.a(vsprintf.obj)
0x80409CF0	0x98	atexit	C:\Program Files\SN Systems\ngc\lib\libc.a(atexit.obj)
0x80409DD4	0x98	bsearch	C:\Program Files\SN Systems\ngc\lib\libc.a(bsearch.obj)
0x80409E6C	0x80	exit	C:\Program Files\SN Systems\ngc\lib\libc.a(exit.obj)
0x80409EEC	0x31C	_mbtowc_r	C:\Program Files\SN Systems\ngc\lib\libc.a(mbtowc_r.obj)
0x8040A208	0x98C	qsort	C:\Program Files\SN Systems\ngc\lib\libc.a(qsort.obj)
0x8040AC00	0x330	strtod	C:\Program Files\SN Systems\ngc\lib\libc.a(strtod2.obj)
0x8040AF30	0x198	_strtoul_r	C:\Program Files\SN Systems\ngc\lib\libc.a(strtoul.obj)
0x8040B100	0x90	memcmp	C:\Program Files\SN Systems\ngc\lib\libc.a(memcmp.obj)
0x8040B190	0xA4	memcpy	C:\Program Files\SN Systems\ngc\lib\libc.a(memcpy.obj)
0x8040B234	0xEC	memmove	C:\Program Files\SN Systems\ngc\lib\libc.a(memmove.obj)
0x8040B320	0x94	memset	C:\Program Files\SN Systems\ngc\lib\libc.a(memset.obj)
0x8040B3B4	0x94	strcasecmp	C:\Program Files\SN Systems\ngc\lib\libc.a(strcasecmp.obj)
0x8040B448	0x90	strcat	C:\Program Files\SN Systems\ngc\lib\libc.a(strcat.obj)
0x8040B4D8	0x9C	strchr	C:\Program Files\SN Systems\ngc\lib\libc.a(strchr.obj)
0x8040B574	0xA8	strcmp	C:\Program Files\SN Systems\ngc\lib\libc.a(strcmp.obj)
0x8040B61C	0x84	strcpy	C:\Program Files\SN Systems\ngc\lib\libc.a(strcpy.obj)
0x8040B6A0	0x6C	strlen	C:\Program Files\SN Systems\ngc\lib\libc.a(strlen.obj)
0x8040B70C	0x44	strlwr	C:\Program Files\SN Systems\ngc\lib\libc.a(strlwr.obj)
0x8040B750	0xE0	strncmp	C:\Program Files\SN Systems\ngc\lib\libc.a(strncmp.obj)
0x8040B830	0xCC	strncpy	C:\Program Files\SN Systems\ngc\lib\libc.a(strncpy.obj)
0x8040B8FC	0x4C	strrchr	C:\Program Files\SN Systems\ngc\lib\libc.a(strrchr.obj)
0x8040B948	0x68	strstr	C:\Program Files\SN Systems\ngc\lib\libc.a(strstr.obj)
0x8040B9D8	0xC8	strtok_r	C:\Program Files\SN Systems\ngc\lib\libc.a(strtok_r.obj)
0x8040BAA0	0x5C	strround	C:\Program Files\SN Systems\ngc\lib\libc.a(vfprintf.obj)
0x8040BAFC	0x4C	strrev	C:\Program Files\SN Systems\ngc\lib\libc.a(vfprintf.obj)
0x8040BB48	0x7C	itoa	C:\Program Files\SN Systems\ngc\lib\libc.a(vfprintf.obj)
0x8040BBC4	0x4E8	fftoa	C:\Program Files\SN Systems\ngc\lib\libc.a(vfprintf.obj)
0x8040C180	0xD8	vfprintf	C:\Program Files\SN Systems\ngc\lib\libc.a(vfprintf.obj)
0x8040C258	0x1444	_vfprintf_r	C:\Program Files\SN Systems\ngc\lib\libc.a(vfprintf.obj)
0x8040D770	0x3C	vfiprintf	C:\Program Files\SN Systems\ngc\lib\libc.a(vfiprintf.obj)
0x8040D7AC	0x12F4	_vfiprintf_r	C:\Program Files\SN Systems\ngc\lib\libc.a(vfiprintf.obj)
0x8040EAA0	0x1B0	_strtol_r	C:\Program Files\SN Systems\ngc\lib\libc.a(strtol.obj)
0x8040ECE8	0x174	sn_floor	C:\Program Files\SN Systems\ngc\lib\libc.a(math_support.obj)
0x8040EE5C	0x35C	sn_fmod	C:\Program Files\SN Systems\ngc\lib\libc.a(math_support.obj)
0x8040F1B8	0x2FC	sn_log	C:\Program Files\SN Systems\ngc\lib\libc.a(math_support.obj)
0x8040F4B4	0x148	sn_log10	C:\Program Files\SN Systems\ngc\lib\libc.a(math_support.obj)
0x8040F5FC	0x50	_close_r	C:\Program Files\SN Systems\ngc\lib\libc.a(closer.obj)
0x8040F64C	0x58	_fstat_r	C:\Program Files\SN Systems\ngc\lib\libc.a(fstatr.obj)
0x8040F6FC	0x5C	_open_r	C:\Program Files\SN Systems\ngc\lib\libc.a(openr.obj)
0x8040F89C	0x9C	__sflags	C:\Program Files\SN Systems\ngc\lib\libc.a(flags.obj)
0x8040FBE0	0xC0	memchr	C:\Program Files\SN Systems\ngc\lib\libc.a(memchr.obj)
0x80410870	0x24C	acosf	C:\Program Files\SN Systems\ngc\lib\libm.a(ef_acos.o)
0x80410ABC	0x22C	asinf	C:\Program Files\SN Systems\ngc\lib\libm.a(ef_asin.o)
0x80410CE8	0x220	atan2f	C:\Program Files\SN Systems\ngc\lib\libm.a(ef_atan2.o)
0x80410F08	0x280	logf	C:\Program Files\SN Systems\ngc\lib\libm.a(ef_log.o)
0x80411188	0xF8	sqrtf	C:\Program Files\SN Systems\ngc\lib\libm.a(ef_sqrt.o)
0x80411280	0x210	atanf	C:\Program Files\SN Systems\ngc\lib\libm.a(sf_atan.o)
0x80411490	0xC4	ceilf	C:\Program Files\SN Systems\ngc\lib\libm.a(sf_ceil.o)
0x80411554	0xDC	cosf	C:\Program Files\SN Systems\ngc\lib\libm.a(sf_cos.o)
0x80411654	0xC8	floorf	C:\Program Files\SN Systems\ngc\lib\libm.a(sf_floor.o)
0x8041171C	0xDC	sinf	C:\Program Files\SN Systems\ngc\lib\libm.a(sf_sin.o)
0x804117F8	0x80	tanf	C:\Program Files\SN Systems\ngc\lib\libm.a(sf_tan.o)
0x80411D7C	0xEC	__kernel_cosf	C:\Program Files\SN Systems\ngc\lib\libm.a(kf_cos.o)
0x80411E68	0xAC	__kernel_sinf	C:\Program Files\SN Systems\ngc\lib\libm.a(kf_sin.o)
0x80411F14	0x214	__kernel_tanf	C:\Program Files\SN Systems\ngc\lib\libm.a(kf_tan.o)
0x80412128	0x350	__ieee754_rem_pio2f	C:\Program Files\SN Systems\ngc\lib\libm.a(ef_rem_pio2.o)
0x80412D00	0x884	__kernel_rem_pio2f	C:\Program Files\SN Systems\ngc\lib\libm.a(kf_rem_pio2.o)
0x804136D8	0x11C	scalbnf	C:\Program Files\SN Systems\ngc\lib\libm.a(sf_scalbn.o)
0x80413844	0x34	copysignf	C:\Program Files\SN Systems\ngc\lib\libm.a(sf_copysign.o)
0x80413878	0x90	__do_global_ctors	C:\Program Files\SN Systems\ngc\lib\libgcc.a(__main.o)
0x80413908	0x38	__main	C:\Program Files\SN Systems\ngc\lib\libgcc.a(__main.o)
0x80413940	0x40	__ashldi3	C:\Program Files\SN Systems\ngc\lib\libgcc.a(_ashldi3.o)
0x80413980	0x40	__ashrdi3	C:\Program Files\SN Systems\ngc\lib\libgcc.a(_ashrdi3.o)
0x804139C0	0x57C	__divdi3	C:\Program Files\SN Systems\ngc\lib\libgcc.a(_divdi3.o)
0x80413F44	0x40	__lshrdi3	C:\Program Files\SN Systems\ngc\lib\libgcc.a(_lshrdi3.o)
0x80413F84	0x534	__moddi3	C:\Program Files\SN Systems\ngc\lib\libgcc.a(_moddi3.o)
0x804144D8	0x4E4	__udivdi3	C:\Program Files\SN Systems\ngc\lib\libgcc.a(_udivdi3.o)
0x804149BC	0x498	__umoddi3	C:\Program Files\SN Systems\ngc\lib\libgcc.a(_umoddi3.o)
0x80414E90	0x34	eh_context_initialize	C:\Program Files\SN Systems\ngc\lib\libgcc.a(_eh.o)
0x80414EC4	0x6C	eh_context_static	C:\Program Files\SN Systems\ngc\lib\libgcc.a(_eh.o)
0x80414F74	0x88	AIInitDMA	c:\BuildAgent\cm3-build22-NGC\CMBuild\src\target\external\ngc\DolphinSDK1.0\HW2\lib\ai.a(ai.o)
0x8041502C	0xD8	AISetStreamPlayState	c:\BuildAgent\cm3-build22-NGC\CMBuild\src\target\external\ngc\DolphinSDK1.0\HW2\lib\ai.a(ai.o)
0x80415114	0xE0	AISetDSPSampleRate	c:\BuildAgent\cm3-build22-NGC\CMBuild\src\target\external\ngc\DolphinSDK1.0\HW2\lib\ai.a(ai.o)
0x80415208	0xD4	__AI_set_stream_sample_rate	c:\BuildAgent\cm3-build22-NGC\CMBuild\src\target\external\ngc\DolphinSDK1.0\HW2\lib\ai.a(ai.o)
0x80415344	0x16C	AIInit	c:\BuildAgent\cm3-build22-NGC\CMBuild\src\target\external\ngc\DolphinSDK1.0\HW2\lib\ai.a(ai.o)
0x804154B0	0x7C	__AISHandler	c:\BuildAgent\cm3-build22-NGC\CMBuild\src\target\external\ngc\DolphinSDK1.0\HW2\lib\ai.a(ai.o)
0x8041552C	0xAC	__AIDHandler	c:\BuildAgent\cm3-build22-NGC\CMBuild\src\target\external\ngc\DolphinSDK1.0\HW2\lib\ai.a(ai.o)
0x804155D8	0x58	__AICallbackStackSwitch	c:\BuildAgent\cm3-build22-NGC\CMBuild\src\target\external\ngc\DolphinSDK1.0\HW2\lib\ai.a(ai.o)
0x80415630	0x1E4	__AI_SRC_INIT	c:\BuildAgent\cm3-build22-NGC\CMBuild\src\target\external\ngc\DolphinSDK1.0\HW2\lib\ai.a(ai.o)
0x80415880	0x3C	ARGetDMAStatus	c:\BuildAgent\cm3-build22-NGC\CMBuild\src\target\external\ngc\DolphinSDK1.0\HW2\lib\ar.a(ar.o)
0x804158BC	0xF0	ARStartDMA	c:\BuildAgent\cm3-build22-NGC\CMBuild\src\target\external\ngc\DolphinSDK1.0\HW2\lib\ar.a(ar.o)
0x804159AC	0xC4	ARInit	c:\BuildAgent\cm3-build22-NGC\CMBuild\src\target\external\ngc\DolphinSDK1.0\HW2\lib\ar.a(ar.o)
0x80415A78	0x78	__ARHandler	c:\BuildAgent\cm3-build22-NGC\CMBuild\src\target\external\ngc\DolphinSDK1.0\HW2\lib\ar.a(ar.o)
0x80415B20	0x17F4	__ARChecksize	c:\BuildAgent\cm3-build22-NGC\CMBuild\src\target\external\ngc\DolphinSDK1.0\HW2\lib\ar.a(ar.o)
0x80417314	0x100	__ARQServiceQueueLo	c:\BuildAgent\cm3-build22-NGC\CMBuild\src\target\external\ngc\DolphinSDK1.0\HW2\lib\ar.a(arq.o)
0x80417418	0xCC	__ARQInterruptServiceRoutine	c:\BuildAgent\cm3-build22-NGC\CMBuild\src\target\external\ngc\DolphinSDK1.0\HW2\lib\ar.a(arq.o)
0x804174E4	0x70	ARQInit	c:\BuildAgent\cm3-build22-NGC\CMBuild\src\target\external\ngc\DolphinSDK1.0\HW2\lib\ar.a(arq.o)
0x80417554	0x15C	ARQPostRequest	c:\BuildAgent\cm3-build22-NGC\CMBuild\src\target\external\ngc\DolphinSDK1.0\HW2\lib\ar.a(arq.o)
0x804176B0	0xE8	ARQRemoveRequest	c:\BuildAgent\cm3-build22-NGC\CMBuild\src\target\external\ngc\DolphinSDK1.0\HW2\lib\ar.a(arq.o)
0x804177BC	0x4C	AXInitEx	c:\BuildAgent\cm3-build22-NGC\CMBuild\src\target\external\ngc\DolphinSDK1.0\HW2\lib\ax.a(AX.o)
0x80417808	0x34	AXQuit	c:\BuildAgent\cm3-build22-NGC\CMBuild\src\target\external\ngc\DolphinSDK1.0\HW2\lib\ax.a(AX.o)
0x80417854	0x74	__AXServiceCallbackStack	c:\BuildAgent\cm3-build22-NGC\CMBuild\src\target\external\ngc\DolphinSDK1.0\HW2\lib\ax.a(AXAlloc.o)
0x80417A7C	0x94	__AXRemoveFromStack	c:\BuildAgent\cm3-build22-NGC\CMBuild\src\target\external\ngc\DolphinSDK1.0\HW2\lib\ax.a(AXAlloc.o)
0x80417B10	0x80	AXFreeVoice	c:\BuildAgent\cm3-build22-NGC\CMBuild\src\target\external\ngc\DolphinSDK1.0\HW2\lib\ax.a(AXAlloc.o)
0x80417B90	0x174	AXAcquireVoice	c:\BuildAgent\cm3-build22-NGC\CMBuild\src\target\external\ngc\DolphinSDK1.0\HW2\lib\ax.a(AXAlloc.o)
0x80417D04	0xE4	__AXAuxInit	c:\BuildAgent\cm3-build22-NGC\CMBuild\src\target\external\ngc\DolphinSDK1.0\HW2\lib\ax.a(AXAux.o)
0x80417F50	0x23C	__AXProcessAux	c:\BuildAgent\cm3-build22-NGC\CMBuild\src\target\external\ngc\DolphinSDK1.0\HW2\lib\ax.a(AXAux.o)
0x804181A0	0x3C	__AXGetCommandListAddress	c:\BuildAgent\cm3-build22-NGC\CMBuild\src\target\external\ngc\DolphinSDK1.0\HW2\lib\ax.a(AXCL.o)
0x804181DC	0x6B0	__AXNextFrame	c:\BuildAgent\cm3-build22-NGC\CMBuild\src\target\external\ngc\DolphinSDK1.0\HW2\lib\ax.a(AXCL.o)
0x804188D0	0x1B8	__AXOutNewFrame	c:\BuildAgent\cm3-build22-NGC\CMBuild\src\target\external\ngc\DolphinSDK1.0\HW2\lib\ax.a(AXOut.o)
0x80418A88	0xBC	__AXOutAiCallback	c:\BuildAgent\cm3-build22-NGC\CMBuild\src\target\external\ngc\DolphinSDK1.0\HW2\lib\ax.a(AXOut.o)
0x80418B50	0x58	__AXDSPResumeCallback	c:\BuildAgent\cm3-build22-NGC\CMBuild\src\target\external\ngc\DolphinSDK1.0\HW2\lib\ax.a(AXOut.o)
0x80418BD4	0xCC	__AXOutInitDSP	c:\BuildAgent\cm3-build22-NGC\CMBuild\src\target\external\ngc\DolphinSDK1.0\HW2\lib\ax.a(AXOut.o)
0x80418CA0	0x3A0	__AXOutInit	c:\BuildAgent\cm3-build22-NGC\CMBuild\src\target\external\ngc\DolphinSDK1.0\HW2\lib\ax.a(AXOut.o)
0x80419040	0x58	__AXOutQuit	c:\BuildAgent\cm3-build22-NGC\CMBuild\src\target\external\ngc\DolphinSDK1.0\HW2\lib\ax.a(AXOut.o)
0x804190A4	0x3F8	__AXPrintStudio	c:\BuildAgent\cm3-build22-NGC\CMBuild\src\target\external\ngc\DolphinSDK1.0\HW2\lib\ax.a(AXSPB.o)
0x804194CC	0x94	__AXDepopVoice	c:\BuildAgent\cm3-build22-NGC\CMBuild\src\target\external\ngc\DolphinSDK1.0\HW2\lib\ax.a(AXSPB.o)
0x80419568	0x74C	__AXServiceVPB	c:\BuildAgent\cm3-build22-NGC\CMBuild\src\target\external\ngc\DolphinSDK1.0\HW2\lib\ax.a(AXVPB.o)
0x80419CB4	0x278	__AXSyncPBs	c:\BuildAgent\cm3-build22-NGC\CMBuild\src\target\external\ngc\DolphinSDK1.0\HW2\lib\ax.a(AXVPB.o)
0x80419F38	0x44	__AXSetPBDefault	c:\BuildAgent\cm3-build22-NGC\CMBuild\src\target\external\ngc\DolphinSDK1.0\HW2\lib\ax.a(AXVPB.o)
0x80419F7C	0x204	__AXVPBInit	c:\BuildAgent\cm3-build22-NGC\CMBuild\src\target\external\ngc\DolphinSDK1.0\HW2\lib\ax.a(AXVPB.o)
0x8041A184	0xC4	AXSetVoiceSrcType	c:\BuildAgent\cm3-build22-NGC\CMBuild\src\target\external\ngc\DolphinSDK1.0\HW2\lib\ax.a(AXVPB.o)
0x8041A248	0x5C	AXSetVoiceState	c:\BuildAgent\cm3-build22-NGC\CMBuild\src\target\external\ngc\DolphinSDK1.0\HW2\lib\ax.a(AXVPB.o)
0x8041A2A4	0x110	AXSetVoiceAddr	c:\BuildAgent\cm3-build22-NGC\CMBuild\src\target\external\ngc\DolphinSDK1.0\HW2\lib\ax.a(AXVPB.o)
0x8041A3B4	0xA4	AXSetVoiceAdpcm	c:\BuildAgent\cm3-build22-NGC\CMBuild\src\target\external\ngc\DolphinSDK1.0\HW2\lib\ax.a(AXVPB.o)
0x8041A458	0x98	AXSetVoiceSrcRatio	c:\BuildAgent\cm3-build22-NGC\CMBuild\src\target\external\ngc\DolphinSDK1.0\HW2\lib\ax.a(AXVPB.o)
0x8041A4F0	0x6C	AXSetVoiceAdpcmLoop	c:\BuildAgent\cm3-build22-NGC\CMBuild\src\target\external\ngc\DolphinSDK1.0\HW2\lib\ax.a(AXVPB.o)
0x8041A55C	0x48	__AXGetCurrentProfile	c:\BuildAgent\cm3-build22-NGC\CMBuild\src\target\external\ngc\DolphinSDK1.0\HW2\lib\ax.a(AXProf.o)
0x8041A6C8	0x34	__CARDSyncCallback	c:\BuildAgent\cm3-build22-NGC\CMBuild\src\target\external\ngc\DolphinSDK1.0\HW2\lib\card.a(CARDBios.o)
0x8041A6FC	0xD8	__CARDExtHandler	c:\BuildAgent\cm3-build22-NGC\CMBuild\src\target\external\ngc\DolphinSDK1.0\HW2\lib\card.a(CARDBios.o)
0x8041A7D4	0x118	__CARDExiHandler	c:\BuildAgent\cm3-build22-NGC\CMBuild\src\target\external\ngc\DolphinSDK1.0\HW2\lib\card.a(CARDBios.o)
0x8041A8EC	0xA8	__CARDTxHandler	c:\BuildAgent\cm3-build22-NGC\CMBuild\src\target\external\ngc\DolphinSDK1.0\HW2\lib\card.a(CARDBios.o)
0x8041A994	0x84	__CARDUnlockedHandler	c:\BuildAgent\cm3-build22-NGC\CMBuild\src\target\external\ngc\DolphinSDK1.0\HW2\lib\card.a(CARDBios.o)
0x8041AA18	0xC0	__CARDEnableInterrupt	c:\BuildAgent\cm3-build22-NGC\CMBuild\src\target\external\ngc\DolphinSDK1.0\HW2\lib\card.a(CARDBios.o)
0x8041AD64	0xA4	TimeoutHandler	c:\BuildAgent\cm3-build22-NGC\CMBuild\src\target\external\ngc\DolphinSDK1.0\HW2\lib\card.a(CARDBios.o)
0x8041AE08	0x2A0	Retry	c:\BuildAgent\cm3-build22-NGC\CMBuild\src\target\external\ngc\DolphinSDK1.0\HW2\lib\card.a(CARDBios.o)
0x8041B0A8	0x110	UnlockedCallback	c:\BuildAgent\cm3-build22-NGC\CMBuild\src\target\external\ngc\DolphinSDK1.0\HW2\lib\card.a(CARDBios.o)
0x8041B1B8	0x224	__CARDStart	c:\BuildAgent\cm3-build22-NGC\CMBuild\src\target\external\ngc\DolphinSDK1.0\HW2\lib\card.a(CARDBios.o)
0x8041B3DC	0x134	__CARDReadSegment	c:\BuildAgent\cm3-build22-NGC\CMBuild\src\target\external\ngc\DolphinSDK1.0\HW2\lib\card.a(CARDBios.o)
0x8041B510	0x13C	__CARDWritePage	c:\BuildAgent\cm3-build22-NGC\CMBuild\src\target\external\ngc\DolphinSDK1.0\HW2\lib\card.a(CARDBios.o)
0x8041B64C	0x110	__CARDEraseSector	c:\BuildAgent\cm3-build22-NGC\CMBuild\src\target\external\ngc\DolphinSDK1.0\HW2\lib\card.a(CARDBios.o)
0x8041B75C	0xAC	CARDInit	c:\BuildAgent\cm3-build22-NGC\CMBuild\src\target\external\ngc\DolphinSDK1.0\HW2\lib\card.a(CARDBios.o)
0x8041B810	0x38	__CARDSetDiskID	c:\BuildAgent\cm3-build22-NGC\CMBuild\src\target\external\ngc\DolphinSDK1.0\HW2\lib\card.a(CARDBios.o)
0x8041B848	0xB8	__CARDGetControlBlock	c:\BuildAgent\cm3-build22-NGC\CMBuild\src\target\external\ngc\DolphinSDK1.0\HW2\lib\card.a(CARDBios.o)
0x8041B900	0x64	__CARDPutControlBlock	c:\BuildAgent\cm3-build22-NGC\CMBuild\src\target\external\ngc\DolphinSDK1.0\HW2\lib\card.a(CARDBios.o)
0x8041B964	0x150	CARDFreeBlocks	c:\BuildAgent\cm3-build22-NGC\CMBuild\src\target\external\ngc\DolphinSDK1.0\HW2\lib\card.a(CARDBios.o)
0x8041BAB4	0x84	CARDGetSectorSize	c:\BuildAgent\cm3-build22-NGC\CMBuild\src\target\external\ngc\DolphinSDK1.0\HW2\lib\card.a(CARDBios.o)
0x8041BB38	0x98	__CARDSync	c:\BuildAgent\cm3-build22-NGC\CMBuild\src\target\external\ngc\DolphinSDK1.0\HW2\lib\card.a(CARDBios.o)
0x8041BBD0	0x50	OnReset	c:\BuildAgent\cm3-build22-NGC\CMBuild\src\target\external\ngc\DolphinSDK1.0\HW2\lib\card.a(CARDBios.o)
0x8041BC20	0x34	CARDSetFastMode	c:\BuildAgent\cm3-build22-NGC\CMBuild\src\target\external\ngc\DolphinSDK1.0\HW2\lib\card.a(CARDBios.o)
0x8041BC78	0xD4	WriteCallback	c:\BuildAgent\cm3-build22-NGC\CMBuild\src\target\external\ngc\DolphinSDK1.0\HW2\lib\card.a(CARDBlock.o)
0x8041BE14	0x118	__CARDAllocBlock	c:\BuildAgent\cm3-build22-NGC\CMBuild\src\target\external\ngc\DolphinSDK1.0\HW2\lib\card.a(CARDBlock.o)
0x8041BF2C	0x9C	__CARDFreeBlock	c:\BuildAgent\cm3-build22-NGC\CMBuild\src\target\external\ngc\DolphinSDK1.0\HW2\lib\card.a(CARDBlock.o)
0x8041BFC8	0xAC	__CARDUpdateFatBlock	c:\BuildAgent\cm3-build22-NGC\CMBuild\src\target\external\ngc\DolphinSDK1.0\HW2\lib\card.a(CARDBlock.o)
0x8041C07C	0xD0	WriteCallback	c:\BuildAgent\cm3-build22-NGC\CMBuild\src\target\external\ngc\DolphinSDK1.0\HW2\lib\card.a(CARDDir.o)
0x8041C214	0xC4	__CARDUpdateDir	c:\BuildAgent\cm3-build22-NGC\CMBuild\src\target\external\ngc\DolphinSDK1.0\HW2\lib\card.a(CARDDir.o)
0x8041C2D8	0x1B0	__CARDCheckSum	c:\BuildAgent\cm3-build22-NGC\CMBuild\src\target\external\ngc\DolphinSDK1.0\HW2\lib\card.a(CARDCheck.o)
0x8041C488	0x284	VerifyID	c:\BuildAgent\cm3-build22-NGC\CMBuild\src\target\external\ngc\DolphinSDK1.0\HW2\lib\card.a(CARDCheck.o)
0x8041C70C	0x240	VerifyDir	c:\BuildAgent\cm3-build22-NGC\CMBuild\src\target\external\ngc\DolphinSDK1.0\HW2\lib\card.a(CARDCheck.o)
0x8041C94C	0x284	VerifyFAT	c:\BuildAgent\cm3-build22-NGC\CMBuild\src\target\external\ngc\DolphinSDK1.0\HW2\lib\card.a(CARDCheck.o)
0x8041CBD0	0x8C	__CARDVerify	c:\BuildAgent\cm3-build22-NGC\CMBuild\src\target\external\ngc\DolphinSDK1.0\HW2\lib\card.a(CARDCheck.o)
0x8041CC5C	0x590	CARDCheckExAsync	c:\BuildAgent\cm3-build22-NGC\CMBuild\src\target\external\ngc\DolphinSDK1.0\HW2\lib\card.a(CARDCheck.o)
0x8041D1EC	0x54	CARDCheck	c:\BuildAgent\cm3-build22-NGC\CMBuild\src\target\external\ngc\DolphinSDK1.0\HW2\lib\card.a(CARDCheck.o)
0x8041D240	0xCC	IsCard	c:\BuildAgent\cm3-build22-NGC\CMBuild\src\target\external\ngc\DolphinSDK1.0\HW2\lib\card.a(CARDMount.o)
0x8041D30C	0x17C	CARDProbeEx	c:\BuildAgent\cm3-build22-NGC\CMBuild\src\target\external\ngc\DolphinSDK1.0\HW2\lib\card.a(CARDMount.o)
0x8041D488	0x454	DoMount	c:\BuildAgent\cm3-build22-NGC\CMBuild\src\target\external\ngc\DolphinSDK1.0\HW2\lib\card.a(CARDMount.o)
0x8041D8DC	0x138	__CARDMountCallback	c:\BuildAgent\cm3-build22-NGC\CMBuild\src\target\external\ngc\DolphinSDK1.0\HW2\lib\card.a(CARDMount.o)
0x8041DA14	0x1A0	CARDMountAsync	c:\BuildAgent\cm3-build22-NGC\CMBuild\src\target\external\ngc\DolphinSDK1.0\HW2\lib\card.a(CARDMount.o)
0x8041DBFC	0x9C	DoUnmount	c:\BuildAgent\cm3-build22-NGC\CMBuild\src\target\external\ngc\DolphinSDK1.0\HW2\lib\card.a(CARDMount.o)
0x8041DC98	0xAC	CARDUnmount	c:\BuildAgent\cm3-build22-NGC\CMBuild\src\target\external\ngc\DolphinSDK1.0\HW2\lib\card.a(CARDMount.o)
0x8041DD44	0x144	FormatCallback	c:\BuildAgent\cm3-build22-NGC\CMBuild\src\target\external\ngc\DolphinSDK1.0\HW2\lib\card.a(CARDFormat.o)
0x8041DE88	0x658	__CARDFormatRegionAsync	c:\BuildAgent\cm3-build22-NGC\CMBuild\src\target\external\ngc\DolphinSDK1.0\HW2\lib\card.a(CARDFormat.o)
0x8041E4E0	0x54	CARDFormat	c:\BuildAgent\cm3-build22-NGC\CMBuild\src\target\external\ngc\DolphinSDK1.0\HW2\lib\card.a(CARDFormat.o)
0x8041E534	0x68	__CARDCompareFileName	c:\BuildAgent\cm3-build22-NGC\CMBuild\src\target\external\ngc\DolphinSDK1.0\HW2\lib\card.a(CARDOpen.o)
0x8041E59C	0x94	__CARDAccess	c:\BuildAgent\cm3-build22-NGC\CMBuild\src\target\external\ngc\DolphinSDK1.0\HW2\lib\card.a(CARDOpen.o)
0x8041E630	0x134	__CARDIsWritable	c:\BuildAgent\cm3-build22-NGC\CMBuild\src\target\external\ngc\DolphinSDK1.0\HW2\lib\card.a(CARDOpen.o)
0x8041E764	0xF4	__CARDIsReadable	c:\BuildAgent\cm3-build22-NGC\CMBuild\src\target\external\ngc\DolphinSDK1.0\HW2\lib\card.a(CARDOpen.o)
0x8041E858	0x150	__CARDGetFileNo	c:\BuildAgent\cm3-build22-NGC\CMBuild\src\target\external\ngc\DolphinSDK1.0\HW2\lib\card.a(CARDOpen.o)
0x8041E9A8	0x104	CARDFastOpen	c:\BuildAgent\cm3-build22-NGC\CMBuild\src\target\external\ngc\DolphinSDK1.0\HW2\lib\card.a(CARDOpen.o)
0x8041EAAC	0x11C	CARDOpen	c:\BuildAgent\cm3-build22-NGC\CMBuild\src\target\external\ngc\DolphinSDK1.0\HW2\lib\card.a(CARDOpen.o)
0x8041EBC8	0x54	CARDClose	c:\BuildAgent\cm3-build22-NGC\CMBuild\src\target\external\ngc\DolphinSDK1.0\HW2\lib\card.a(CARDOpen.o)
0x8041EC24	0x130	CreateCallbackFat	c:\BuildAgent\cm3-build22-NGC\CMBuild\src\target\external\ngc\DolphinSDK1.0\HW2\lib\card.a(CARDCreate.o)
0x8041ED54	0x220	CARDCreateAsync	c:\BuildAgent\cm3-build22-NGC\CMBuild\src\target\external\ngc\DolphinSDK1.0\HW2\lib\card.a(CARDCreate.o)
0x8041EF74	0x48	CARDCreate	c:\BuildAgent\cm3-build22-NGC\CMBuild\src\target\external\ngc\DolphinSDK1.0\HW2\lib\card.a(CARDCreate.o)
0x8041EFBC	0x1B8	__CARDSeek	c:\BuildAgent\cm3-build22-NGC\CMBuild\src\target\external\ngc\DolphinSDK1.0\HW2\lib\card.a(CARDRead.o)
0x8041F174	0x130	ReadCallback	c:\BuildAgent\cm3-build22-NGC\CMBuild\src\target\external\ngc\DolphinSDK1.0\HW2\lib\card.a(CARDRead.o)
0x8041F2A4	0x144	CARDReadAsync	c:\BuildAgent\cm3-build22-NGC\CMBuild\src\target\external\ngc\DolphinSDK1.0\HW2\lib\card.a(CARDRead.o)
0x8041F430	0x170	WriteCallback	c:\BuildAgent\cm3-build22-NGC\CMBuild\src\target\external\ngc\DolphinSDK1.0\HW2\lib\card.a(CARDWrite.o)
0x8041F5A0	0xB0	EraseCallback	c:\BuildAgent\cm3-build22-NGC\CMBuild\src\target\external\ngc\DolphinSDK1.0\HW2\lib\card.a(CARDWrite.o)
0x8041F650	0x114	CARDWriteAsync	c:\BuildAgent\cm3-build22-NGC\CMBuild\src\target\external\ngc\DolphinSDK1.0\HW2\lib\card.a(CARDWrite.o)
0x8041F7AC	0xA4	DeleteCallback	c:\BuildAgent\cm3-build22-NGC\CMBuild\src\target\external\ngc\DolphinSDK1.0\HW2\lib\card.a(CARDDelete.o)
0x8041F850	0x12C	CARDFastDeleteAsync	c:\BuildAgent\cm3-build22-NGC\CMBuild\src\target\external\ngc\DolphinSDK1.0\HW2\lib\card.a(CARDDelete.o)
0x8041F9C4	0x110	CARDDeleteAsync	c:\BuildAgent\cm3-build22-NGC\CMBuild\src\target\external\ngc\DolphinSDK1.0\HW2\lib\card.a(CARDDelete.o)
0x8041FB1C	0x1F8	UpdateIconOffsets	c:\BuildAgent\cm3-build22-NGC\CMBuild\src\target\external\ngc\DolphinSDK1.0\HW2\lib\card.a(CARDStat.o)
0x8041FD14	0x114	CARDGetStatus	c:\BuildAgent\cm3-build22-NGC\CMBuild\src\target\external\ngc\DolphinSDK1.0\HW2\lib\card.a(CARDStat.o)
0x8041FE28	0x174	CARDSetStatusAsync	c:\BuildAgent\cm3-build22-NGC\CMBuild\src\target\external\ngc\DolphinSDK1.0\HW2\lib\card.a(CARDStat.o)
0x80420228	0xE4	CARDSetAttributesAsync	c:\BuildAgent\cm3-build22-NGC\CMBuild\src\target\external\ngc\DolphinSDK1.0\HW2\lib\card.a(CARDNet.o)
0x80420354	0x16C	bitrev	c:\BuildAgent\cm3-build22-NGC\CMBuild\src\target\external\ngc\DolphinSDK1.0\HW2\lib\card.a(CARDUnlock.o)
0x804204C0	0x144	ReadArrayUnlock	c:\BuildAgent\cm3-build22-NGC\CMBuild\src\target\external\ngc\DolphinSDK1.0\HW2\lib\card.a(CARDUnlock.o)
0x80420604	0xC4	DummyLen	c:\BuildAgent\cm3-build22-NGC\CMBuild\src\target\external\ngc\DolphinSDK1.0\HW2\lib\card.a(CARDUnlock.o)
0x804206C8	0xB58	__CARDUnlock	c:\BuildAgent\cm3-build22-NGC\CMBuild\src\target\external\ngc\DolphinSDK1.0\HW2\lib\card.a(CARDUnlock.o)
0x80421220	0x70	InitCallback	c:\BuildAgent\cm3-build22-NGC\CMBuild\src\target\external\ngc\DolphinSDK1.0\HW2\lib\card.a(CARDUnlock.o)
0x80421290	0x324	DoneCallback	c:\BuildAgent\cm3-build22-NGC\CMBuild\src\target\external\ngc\DolphinSDK1.0\HW2\lib\card.a(CARDUnlock.o)
0x804215B4	0xDC	BlockReadCallback	c:\BuildAgent\cm3-build22-NGC\CMBuild\src\target\external\ngc\DolphinSDK1.0\HW2\lib\card.a(CARDRdwr.o)
0x80421690	0x64	__CARDRead	c:\BuildAgent\cm3-build22-NGC\CMBuild\src\target\external\ngc\DolphinSDK1.0\HW2\lib\card.a(CARDRdwr.o)
0x804216F4	0xE8	BlockWriteCallback	c:\BuildAgent\cm3-build22-NGC\CMBuild\src\target\external\ngc\DolphinSDK1.0\HW2\lib\card.a(CARDRdwr.o)
0x804217DC	0x68	__CARDWrite	c:\BuildAgent\cm3-build22-NGC\CMBuild\src\target\external\ngc\DolphinSDK1.0\HW2\lib\card.a(CARDRdwr.o)
0x80421844	0xA4	__CARDGetStatusEx	c:\BuildAgent\cm3-build22-NGC\CMBuild\src\target\external\ngc\DolphinSDK1.0\HW2\lib\card.a(CARDStatEx.o)
0x804218E8	0x29C	__CARDSetStatusExAsync	c:\BuildAgent\cm3-build22-NGC\CMBuild\src\target\external\ngc\DolphinSDK1.0\HW2\lib\card.a(CARDStatEx.o)
0x80421BAC	0x48	__DBExceptionDestinationAux	c:\BuildAgent\cm3-build22-NGC\CMBuild\src\target\external\ngc\DolphinSDK1.0\HW2\lib\db.a(db.o)
0x80421CBC	0xC4	DSPInit	c:\BuildAgent\cm3-build22-NGC\CMBuild\src\target\external\ngc\DolphinSDK1.0\HW2\lib\dsp.a(dsp.o)
0x80421D88	0x70	DSPAddTask	c:\BuildAgent\cm3-build22-NGC\CMBuild\src\target\external\ngc\DolphinSDK1.0\HW2\lib\dsp.a(dsp.o)
0x80421DF8	0x40	DSPCancelTask	c:\BuildAgent\cm3-build22-NGC\CMBuild\src\target\external\ngc\DolphinSDK1.0\HW2\lib\dsp.a(dsp.o)
0x80421E38	0xC8	DSPAssertTask	c:\BuildAgent\cm3-build22-NGC\CMBuild\src\target\external\ngc\DolphinSDK1.0\HW2\lib\dsp.a(dsp.o)
0x80421F50	0x424	__DSPHandler	c:\BuildAgent\cm3-build22-NGC\CMBuild\src\target\external\ngc\DolphinSDK1.0\HW2\lib\dsp.a(dsp_task.o)
0x80422374	0x1A0	__DSP_exec_task	c:\BuildAgent\cm3-build22-NGC\CMBuild\src\target\external\ngc\DolphinSDK1.0\HW2\lib\dsp.a(dsp_task.o)
0x80422514	0x18C	__DSP_boot_task	c:\BuildAgent\cm3-build22-NGC\CMBuild\src\target\external\ngc\DolphinSDK1.0\HW2\lib\dsp.a(dsp_task.o)
0x804226A0	0xA0	__DSP_insert_task	c:\BuildAgent\cm3-build22-NGC\CMBuild\src\target\external\ngc\DolphinSDK1.0\HW2\lib\dsp.a(dsp_task.o)
0x80422740	0x94	__DSP_remove_task	c:\BuildAgent\cm3-build22-NGC\CMBuild\src\target\external\ngc\DolphinSDK1.0\HW2\lib\dsp.a(dsp_task.o)
0x804227D4	0x38	__DVDFSInit	c:\BuildAgent\cm3-build22-NGC\CMBuild\src\target\external\ngc\DolphinSDK1.0\HW2\lib\dvd.a(dvdfs.o)
0x8042280C	0x2F4	DVDConvertPathToEntrynum	c:\BuildAgent\cm3-build22-NGC\CMBuild\src\target\external\ngc\DolphinSDK1.0\HW2\lib\dvd.a(dvdfs.o)
0x80422B00	0x74	DVDFastOpen	c:\BuildAgent\cm3-build22-NGC\CMBuild\src\target\external\ngc\DolphinSDK1.0\HW2\lib\dvd.a(dvdfs.o)
0x80422B74	0xC8	DVDOpen	c:\BuildAgent\cm3-build22-NGC\CMBuild\src\target\external\ngc\DolphinSDK1.0\HW2\lib\dvd.a(dvdfs.o)
0x80422C60	0x160	entryToPath	c:\BuildAgent\cm3-build22-NGC\CMBuild\src\target\external\ngc\DolphinSDK1.0\HW2\lib\dvd.a(dvdfs.o)
0x80422DC0	0xC4	DVDGetCurrentDir	c:\BuildAgent\cm3-build22-NGC\CMBuild\src\target\external\ngc\DolphinSDK1.0\HW2\lib\dvd.a(dvdfs.o)
0x80422E84	0x60	DVDChangeDir	c:\BuildAgent\cm3-build22-NGC\CMBuild\src\target\external\ngc\DolphinSDK1.0\HW2\lib\dvd.a(dvdfs.o)
0x80422EE4	0xC0	DVDReadAsyncPrio	c:\BuildAgent\cm3-build22-NGC\CMBuild\src\target\external\ngc\DolphinSDK1.0\HW2\lib\dvd.a(dvdfs.o)
0x80422FD8	0xD8	DVDInit	c:\BuildAgent\cm3-build22-NGC\CMBuild\src\target\external\ngc\DolphinSDK1.0\HW2\lib\dvd.a(dvd.o)
0x804230B0	0x94	stateReadingFST	c:\BuildAgent\cm3-build22-NGC\CMBuild\src\target\external\ngc\DolphinSDK1.0\HW2\lib\dvd.a(dvd.o)
0x80423144	0x80	cbForStateReadingFST	c:\BuildAgent\cm3-build22-NGC\CMBuild\src\target\external\ngc\DolphinSDK1.0\HW2\lib\dvd.a(dvd.o)
0x804231C4	0xAC	cbForStateError	c:\BuildAgent\cm3-build22-NGC\CMBuild\src\target\external\ngc\DolphinSDK1.0\HW2\lib\dvd.a(dvd.o)
0x80423270	0x34	stateTimeout	c:\BuildAgent\cm3-build22-NGC\CMBuild\src\target\external\ngc\DolphinSDK1.0\HW2\lib\dvd.a(dvd.o)
0x804232CC	0xB4	CategorizeError	c:\BuildAgent\cm3-build22-NGC\CMBuild\src\target\external\ngc\DolphinSDK1.0\HW2\lib\dvd.a(dvd.o)
0x80423380	0x264	cbForStateGettingError	c:\BuildAgent\cm3-build22-NGC\CMBuild\src\target\external\ngc\DolphinSDK1.0\HW2\lib\dvd.a(dvd.o)
0x804235E4	0x5C	cbForUnrecoveredError	c:\BuildAgent\cm3-build22-NGC\CMBuild\src\target\external\ngc\DolphinSDK1.0\HW2\lib\dvd.a(dvd.o)
0x80423640	0x80	cbForUnrecoveredErrorRetry	c:\BuildAgent\cm3-build22-NGC\CMBuild\src\target\external\ngc\DolphinSDK1.0\HW2\lib\dvd.a(dvd.o)
0x804236E8	0x140	cbForStateGoToRetry	c:\BuildAgent\cm3-build22-NGC\CMBuild\src\target\external\ngc\DolphinSDK1.0\HW2\lib\dvd.a(dvd.o)
0x80423828	0xE0	stateCheckID	c:\BuildAgent\cm3-build22-NGC\CMBuild\src\target\external\ngc\DolphinSDK1.0\HW2\lib\dvd.a(dvd.o)
0x80423970	0x68	cbForStateCheckID2a	c:\BuildAgent\cm3-build22-NGC\CMBuild\src\target\external\ngc\DolphinSDK1.0\HW2\lib\dvd.a(dvd.o)
0x804239D8	0x38	stateCheckID2	c:\BuildAgent\cm3-build22-NGC\CMBuild\src\target\external\ngc\DolphinSDK1.0\HW2\lib\dvd.a(dvd.o)
0x80423A10	0xFC	cbForStateCheckID1	c:\BuildAgent\cm3-build22-NGC\CMBuild\src\target\external\ngc\DolphinSDK1.0\HW2\lib\dvd.a(dvd.o)
0x80423B0C	0xD8	cbForStateCheckID2	c:\BuildAgent\cm3-build22-NGC\CMBuild\src\target\external\ngc\DolphinSDK1.0\HW2\lib\dvd.a(dvd.o)
0x80423BE4	0xF0	cbForStateCheckID3	c:\BuildAgent\cm3-build22-NGC\CMBuild\src\target\external\ngc\DolphinSDK1.0\HW2\lib\dvd.a(dvd.o)
0x80423CD4	0x44	AlarmHandler	c:\BuildAgent\cm3-build22-NGC\CMBuild\src\target\external\ngc\DolphinSDK1.0\HW2\lib\dvd.a(dvd.o)
0x80423D18	0xD4	stateCoverClosed	c:\BuildAgent\cm3-build22-NGC\CMBuild\src\target\external\ngc\DolphinSDK1.0\HW2\lib\dvd.a(dvd.o)
0x80423DEC	0x30	stateCoverClosed_CMD	c:\BuildAgent\cm3-build22-NGC\CMBuild\src\target\external\ngc\DolphinSDK1.0\HW2\lib\dvd.a(dvd.o)
0x80423E1C	0x64	cbForStateCoverClosed	c:\BuildAgent\cm3-build22-NGC\CMBuild\src\target\external\ngc\DolphinSDK1.0\HW2\lib\dvd.a(dvd.o)
0x80423EA8	0xEC	cbForStateMotorStopped	c:\BuildAgent\cm3-build22-NGC\CMBuild\src\target\external\ngc\DolphinSDK1.0\HW2\lib\dvd.a(dvd.o)
0x80423F94	0x2E8	stateReady	c:\BuildAgent\cm3-build22-NGC\CMBuild\src\target\external\ngc\DolphinSDK1.0\HW2\lib\dvd.a(dvd.o)
0x8042427C	0x340	stateBusy	c:\BuildAgent\cm3-build22-NGC\CMBuild\src\target\external\ngc\DolphinSDK1.0\HW2\lib\dvd.a(dvd.o)
0x804245BC	0x658	cbForStateBusy	c:\BuildAgent\cm3-build22-NGC\CMBuild\src\target\external\ngc\DolphinSDK1.0\HW2\lib\dvd.a(dvd.o)
0x80424C14	0xDC	DVDReadAbsAsyncPrio	c:\BuildAgent\cm3-build22-NGC\CMBuild\src\target\external\ngc\DolphinSDK1.0\HW2\lib\dvd.a(dvd.o)
0x80424CF0	0xD0	DVDReadAbsAsyncForBS	c:\BuildAgent\cm3-build22-NGC\CMBuild\src\target\external\ngc\DolphinSDK1.0\HW2\lib\dvd.a(dvd.o)
0x80424DC0	0xD4	DVDReadDiskID	c:\BuildAgent\cm3-build22-NGC\CMBuild\src\target\external\ngc\DolphinSDK1.0\HW2\lib\dvd.a(dvd.o)
0x80424F50	0xD0	DVDInquiryAsync	c:\BuildAgent\cm3-build22-NGC\CMBuild\src\target\external\ngc\DolphinSDK1.0\HW2\lib\dvd.a(dvd.o)
0x80425020	0x44	DVDReset	c:\BuildAgent\cm3-build22-NGC\CMBuild\src\target\external\ngc\DolphinSDK1.0\HW2\lib\dvd.a(dvd.o)
0x80425064	0x4C	DVDGetCommandBlockStatus	c:\BuildAgent\cm3-build22-NGC\CMBuild\src\target\external\ngc\DolphinSDK1.0\HW2\lib\dvd.a(dvd.o)
0x804250B0	0xAC	DVDGetDriveStatus	c:\BuildAgent\cm3-build22-NGC\CMBuild\src\target\external\ngc\DolphinSDK1.0\HW2\lib\dvd.a(dvd.o)
0x8042516C	0x50	DVDResume	c:\BuildAgent\cm3-build22-NGC\CMBuild\src\target\external\ngc\DolphinSDK1.0\HW2\lib\dvd.a(dvd.o)
0x804251BC	0x27C	DVDCancelAsync	c:\BuildAgent\cm3-build22-NGC\CMBuild\src\target\external\ngc\DolphinSDK1.0\HW2\lib\dvd.a(dvd.o)
0x80425438	0xAC	DVDCancel	c:\BuildAgent\cm3-build22-NGC\CMBuild\src\target\external\ngc\DolphinSDK1.0\HW2\lib\dvd.a(dvd.o)
0x80425510	0xF8	DVDCheckDisk	c:\BuildAgent\cm3-build22-NGC\CMBuild\src\target\external\ngc\DolphinSDK1.0\HW2\lib\dvd.a(dvd.o)
0x80425608	0x11C	__DVDPrepareResetAsync	c:\BuildAgent\cm3-build22-NGC\CMBuild\src\target\external\ngc\DolphinSDK1.0\HW2\lib\dvd.a(dvd.o)
0x80425724	0x38	__DVDTestAlarm	c:\BuildAgent\cm3-build22-NGC\CMBuild\src\target\external\ngc\DolphinSDK1.0\HW2\lib\dvd.a(dvd.o)
0x8042575C	0x38	__DVDClearWaitingQueue	c:\BuildAgent\cm3-build22-NGC\CMBuild\src\target\external\ngc\DolphinSDK1.0\HW2\lib\dvd.a(dvdqueue.o)
0x80425794	0x68	__DVDPushWaitingQueue	c:\BuildAgent\cm3-build22-NGC\CMBuild\src\target\external\ngc\DolphinSDK1.0\HW2\lib\dvd.a(dvdqueue.o)
0x804257FC	0xA0	__DVDPopWaitingQueue	c:\BuildAgent\cm3-build22-NGC\CMBuild\src\target\external\ngc\DolphinSDK1.0\HW2\lib\dvd.a(dvdqueue.o)
0x8042589C	0x58	__DVDCheckWaitingQueue	c:\BuildAgent\cm3-build22-NGC\CMBuild\src\target\external\ngc\DolphinSDK1.0\HW2\lib\dvd.a(dvdqueue.o)
0x804258F4	0x60	__DVDDequeueWaitingQueue	c:\BuildAgent\cm3-build22-NGC\CMBuild\src\target\external\ngc\DolphinSDK1.0\HW2\lib\dvd.a(dvdqueue.o)
0x80425954	0x11C	ErrorCode2Num	c:\BuildAgent\cm3-build22-NGC\CMBuild\src\target\external\ngc\DolphinSDK1.0\HW2\lib\dvd.a(dvderror.o)
0x80425A70	0x7C	__DVDStoreErrorCode	c:\BuildAgent\cm3-build22-NGC\CMBuild\src\target\external\ngc\DolphinSDK1.0\HW2\lib\dvd.a(dvderror.o)
0x80425AEC	0xF8	DVDCompareDiskID	c:\BuildAgent\cm3-build22-NGC\CMBuild\src\target\external\ngc\DolphinSDK1.0\HW2\lib\dvd.a(dvdidutils.o)
0x80425C14	0xD8	cb	c:\BuildAgent\cm3-build22-NGC\CMBuild\src\target\external\ngc\DolphinSDK1.0\HW2\lib\dvd.a(fstload.o)
0x80425CEC	0x168	__fstLoad	c:\BuildAgent\cm3-build22-NGC\CMBuild\src\target\external\ngc\DolphinSDK1.0\HW2\lib\dvd.a(fstload.o)
0x80425E54	0x40	__DVDInitWA	c:\BuildAgent\cm3-build22-NGC\CMBuild\src\target\external\ngc\DolphinSDK1.0\HW2\lib\dvd.a(dvdlow.o)
0x80425E94	0x2E0	__DVDInterruptHandler	c:\BuildAgent\cm3-build22-NGC\CMBuild\src\target\external\ngc\DolphinSDK1.0\HW2\lib\dvd.a(dvdlow.o)
0x80426174	0x84	AlarmHandler	c:\BuildAgent\cm3-build22-NGC\CMBuild\src\target\external\ngc\DolphinSDK1.0\HW2\lib\dvd.a(dvdlow.o)
0x804261F8	0x70	AlarmHandlerForTimeout	c:\BuildAgent\cm3-build22-NGC\CMBuild\src\target\external\ngc\DolphinSDK1.0\HW2\lib\dvd.a(dvdlow.o)
0x80426268	0x110	Read	c:\BuildAgent\cm3-build22-NGC\CMBuild\src\target\external\ngc\DolphinSDK1.0\HW2\lib\dvd.a(dvdlow.o)
0x80426378	0x80	SeekTwiceBeforeRead	c:\BuildAgent\cm3-build22-NGC\CMBuild\src\target\external\ngc\DolphinSDK1.0\HW2\lib\dvd.a(dvdlow.o)
0x804263F8	0x298	DVDLowRead	c:\BuildAgent\cm3-build22-NGC\CMBuild\src\target\external\ngc\DolphinSDK1.0\HW2\lib\dvd.a(dvdlow.o)
0x80426690	0x94	DVDLowSeek	c:\BuildAgent\cm3-build22-NGC\CMBuild\src\target\external\ngc\DolphinSDK1.0\HW2\lib\dvd.a(dvdlow.o)
0x80426750	0xA4	DVDLowReadDiskID	c:\BuildAgent\cm3-build22-NGC\CMBuild\src\target\external\ngc\DolphinSDK1.0\HW2\lib\dvd.a(dvdlow.o)
0x8042690C	0x9C	DVDLowInquiry	c:\BuildAgent\cm3-build22-NGC\CMBuild\src\target\external\ngc\DolphinSDK1.0\HW2\lib\dvd.a(dvdlow.o)
0x804269A8	0x98	DVDLowAudioStream	c:\BuildAgent\cm3-build22-NGC\CMBuild\src\target\external\ngc\DolphinSDK1.0\HW2\lib\dvd.a(dvdlow.o)
0x80426A40	0x8C	DVDLowRequestAudioStatus	c:\BuildAgent\cm3-build22-NGC\CMBuild\src\target\external\ngc\DolphinSDK1.0\HW2\lib\dvd.a(dvdlow.o)
0x80426ACC	0x9C	DVDLowAudioBufferConfig	c:\BuildAgent\cm3-build22-NGC\CMBuild\src\target\external\ngc\DolphinSDK1.0\HW2\lib\dvd.a(dvdlow.o)
0x80426B68	0xBC	DVDLowReset	c:\BuildAgent\cm3-build22-NGC\CMBuild\src\target\external\ngc\DolphinSDK1.0\HW2\lib\dvd.a(dvdlow.o)
0x80426C54	0x44	__DVDLowSetWAType	c:\BuildAgent\cm3-build22-NGC\CMBuild\src\target\external\ngc\DolphinSDK1.0\HW2\lib\dvd.a(dvdlow.o)
0x80426C98	0x38	__DVDLowTestAlarm	c:\BuildAgent\cm3-build22-NGC\CMBuild\src\target\external\ngc\DolphinSDK1.0\HW2\lib\dvd.a(dvdlow.o)
0x80426CD0	0xF4	SetExiInterruptMask	c:\BuildAgent\cm3-build22-NGC\CMBuild\src\target\external\ngc\DolphinSDK1.0\HW2\lib\exi.a(EXIBios.o)
0x80426DC4	0x25C	EXIImm	c:\BuildAgent\cm3-build22-NGC\CMBuild\src\target\external\ngc\DolphinSDK1.0\HW2\lib\exi.a(EXIBios.o)
0x80427020	0xA0	EXIImmEx	c:\BuildAgent\cm3-build22-NGC\CMBuild\src\target\external\ngc\DolphinSDK1.0\HW2\lib\exi.a(EXIBios.o)
0x804270C0	0xEC	EXIDma	c:\BuildAgent\cm3-build22-NGC\CMBuild\src\target\external\ngc\DolphinSDK1.0\HW2\lib\exi.a(EXIBios.o)
0x804271AC	0x24C	EXISync	c:\BuildAgent\cm3-build22-NGC\CMBuild\src\target\external\ngc\DolphinSDK1.0\HW2\lib\exi.a(EXIBios.o)
0x804273F8	0x48	EXIClearInterrupts	c:\BuildAgent\cm3-build22-NGC\CMBuild\src\target\external\ngc\DolphinSDK1.0\HW2\lib\exi.a(EXIBios.o)
0x80427440	0x7C	EXISetExiCallback	c:\BuildAgent\cm3-build22-NGC\CMBuild\src\target\external\ngc\DolphinSDK1.0\HW2\lib\exi.a(EXIBios.o)
0x804274BC	0x174	__EXIProbe	c:\BuildAgent\cm3-build22-NGC\CMBuild\src\target\external\ngc\DolphinSDK1.0\HW2\lib\exi.a(EXIBios.o)
0x80427630	0x80	EXIProbe	c:\BuildAgent\cm3-build22-NGC\CMBuild\src\target\external\ngc\DolphinSDK1.0\HW2\lib\exi.a(EXIBios.o)
0x804276B0	0xB4	EXIProbeEx	c:\BuildAgent\cm3-build22-NGC\CMBuild\src\target\external\ngc\DolphinSDK1.0\HW2\lib\exi.a(EXIBios.o)
0x80427764	0x10C	EXIAttach	c:\BuildAgent\cm3-build22-NGC\CMBuild\src\target\external\ngc\DolphinSDK1.0\HW2\lib\exi.a(EXIBios.o)
0x80427870	0xBC	EXIDetach	c:\BuildAgent\cm3-build22-NGC\CMBuild\src\target\external\ngc\DolphinSDK1.0\HW2\lib\exi.a(EXIBios.o)
0x8042792C	0x12C	EXISelect	c:\BuildAgent\cm3-build22-NGC\CMBuild\src\target\external\ngc\DolphinSDK1.0\HW2\lib\exi.a(EXIBios.o)
0x80427A58	0x110	EXIDeselect	c:\BuildAgent\cm3-build22-NGC\CMBuild\src\target\external\ngc\DolphinSDK1.0\HW2\lib\exi.a(EXIBios.o)
0x80427B68	0xC8	EXIIntrruptHandler	c:\BuildAgent\cm3-build22-NGC\CMBuild\src\target\external\ngc\DolphinSDK1.0\HW2\lib\exi.a(EXIBios.o)
0x80427C30	0x218	TCIntrruptHandler	c:\BuildAgent\cm3-build22-NGC\CMBuild\src\target\external\ngc\DolphinSDK1.0\HW2\lib\exi.a(EXIBios.o)
0x80427E48	0xD0	EXTIntrruptHandler	c:\BuildAgent\cm3-build22-NGC\CMBuild\src\target\external\ngc\DolphinSDK1.0\HW2\lib\exi.a(EXIBios.o)
0x80427F18	0x1D4	EXIInit	c:\BuildAgent\cm3-build22-NGC\CMBuild\src\target\external\ngc\DolphinSDK1.0\HW2\lib\exi.a(EXIBios.o)
0x804280EC	0xF4	EXILock	c:\BuildAgent\cm3-build22-NGC\CMBuild\src\target\external\ngc\DolphinSDK1.0\HW2\lib\exi.a(EXIBios.o)
0x804281E0	0xDC	EXIUnlock	c:\BuildAgent\cm3-build22-NGC\CMBuild\src\target\external\ngc\DolphinSDK1.0\HW2\lib\exi.a(EXIBios.o)
0x804282FC	0x3B0	EXIGetID	c:\BuildAgent\cm3-build22-NGC\CMBuild\src\target\external\ngc\DolphinSDK1.0\HW2\lib\exi.a(EXIBios.o)
0x804286AC	0x18C	ProbeBarnacle	c:\BuildAgent\cm3-build22-NGC\CMBuild\src\target\external\ngc\DolphinSDK1.0\HW2\lib\exi.a(EXIUart.o)
0x80428838	0x1BC	__OSEnableBarnacle	c:\BuildAgent\cm3-build22-NGC\CMBuild\src\target\external\ngc\DolphinSDK1.0\HW2\lib\exi.a(EXIUart.o)
0x804289F4	0x70	InitializeUART	c:\BuildAgent\cm3-build22-NGC\CMBuild\src\target\external\ngc\DolphinSDK1.0\HW2\lib\exi.a(EXIUart.o)
0x80428A64	0x200	WriteUARTN	c:\BuildAgent\cm3-build22-NGC\CMBuild\src\target\external\ngc\DolphinSDK1.0\HW2\lib\exi.a(EXIUart.o)
0x80428C64	0xFC	__GXDefaultTexRegionCallback	c:\BuildAgent\cm3-build22-NGC\CMBuild\src\target\external\ngc\DolphinSDK1.0\HW2\lib\gx.a(GXInit.o)
0x80428D84	0x190	__GXShutdown	c:\BuildAgent\cm3-build22-NGC\CMBuild\src\target\external\ngc\DolphinSDK1.0\HW2\lib\gx.a(GXInit.o)
0x80428F14	0x1A4	__GXInitRevisionBits	c:\BuildAgent\cm3-build22-NGC\CMBuild\src\target\external\ngc\DolphinSDK1.0\HW2\lib\gx.a(GXInit.o)
0x804290B8	0x600	GXInit	c:\BuildAgent\cm3-build22-NGC\CMBuild\src\target\external\ngc\DolphinSDK1.0\HW2\lib\gx.a(GXInit.o)
0x804296B8	0x938	__GXInitGX	c:\BuildAgent\cm3-build22-NGC\CMBuild\src\target\external\ngc\DolphinSDK1.0\HW2\lib\gx.a(GXInit.o)
0x80429FF0	0x134	GXCPInterruptHandler	c:\BuildAgent\cm3-build22-NGC\CMBuild\src\target\external\ngc\DolphinSDK1.0\HW2\lib\gx.a(GXFifo.o)
0x8042A124	0x6C	GXInitFifoBase	c:\BuildAgent\cm3-build22-NGC\CMBuild\src\target\external\ngc\DolphinSDK1.0\HW2\lib\gx.a(GXFifo.o)
0x8042A190	0x70	GXInitFifoPtrs	c:\BuildAgent\cm3-build22-NGC\CMBuild\src\target\external\ngc\DolphinSDK1.0\HW2\lib\gx.a(GXFifo.o)
0x8042A20C	0x128	GXSetCPUFifo	c:\BuildAgent\cm3-build22-NGC\CMBuild\src\target\external\ngc\DolphinSDK1.0\HW2\lib\gx.a(GXFifo.o)
0x8042A334	0x178	GXSetGPFifo	c:\BuildAgent\cm3-build22-NGC\CMBuild\src\target\external\ngc\DolphinSDK1.0\HW2\lib\gx.a(GXFifo.o)
0x8042A4AC	0x98	GXGetFifoPtrs	c:\BuildAgent\cm3-build22-NGC\CMBuild\src\target\external\ngc\DolphinSDK1.0\HW2\lib\gx.a(GXFifo.o)
0x8042A588	0x8C	GXEnableBreakPt	c:\BuildAgent\cm3-build22-NGC\CMBuild\src\target\external\ngc\DolphinSDK1.0\HW2\lib\gx.a(GXFifo.o)
0x8042A614	0x54	GXDisableBreakPt	c:\BuildAgent\cm3-build22-NGC\CMBuild\src\target\external\ngc\DolphinSDK1.0\HW2\lib\gx.a(GXFifo.o)
0x8042A668	0x4C	__GXFifoInit	c:\BuildAgent\cm3-build22-NGC\CMBuild\src\target\external\ngc\DolphinSDK1.0\HW2\lib\gx.a(GXFifo.o)
0x8042A6FC	0x34	__GXFifoLink	c:\BuildAgent\cm3-build22-NGC\CMBuild\src\target\external\ngc\DolphinSDK1.0\HW2\lib\gx.a(GXFifo.o)
0x8042A730	0x30	__GXWriteFifoIntEnable	c:\BuildAgent\cm3-build22-NGC\CMBuild\src\target\external\ngc\DolphinSDK1.0\HW2\lib\gx.a(GXFifo.o)
0x8042A760	0x30	__GXWriteFifoIntReset	c:\BuildAgent\cm3-build22-NGC\CMBuild\src\target\external\ngc\DolphinSDK1.0\HW2\lib\gx.a(GXFifo.o)
0x8042A790	0x100	__GXCleanGPFifo	c:\BuildAgent\cm3-build22-NGC\CMBuild\src\target\external\ngc\DolphinSDK1.0\HW2\lib\gx.a(GXFifo.o)
0x8042A8A0	0x108	GXRedirectWriteGatherPipe	c:\BuildAgent\cm3-build22-NGC\CMBuild\src\target\external\ngc\DolphinSDK1.0\HW2\lib\gx.a(GXFifo.o)
0x8042A9A8	0x1A0	GXRestoreWriteGatherPipe	c:\BuildAgent\cm3-build22-NGC\CMBuild\src\target\external\ngc\DolphinSDK1.0\HW2\lib\gx.a(GXFifo.o)
0x8042AB48	0x26C	GXSetVtxDesc	c:\BuildAgent\cm3-build22-NGC\CMBuild\src\target\external\ngc\DolphinSDK1.0\HW2\lib\gx.a(GXAttr.o)
0x8042ADB4	0x288	GXSetVtxDescv	c:\BuildAgent\cm3-build22-NGC\CMBuild\src\target\external\ngc\DolphinSDK1.0\HW2\lib\gx.a(GXAttr.o)
0x8042B03C	0xBC	__GXSetVCD	c:\BuildAgent\cm3-build22-NGC\CMBuild\src\target\external\ngc\DolphinSDK1.0\HW2\lib\gx.a(GXAttr.o)
0x8042B0F8	0x124	__GXCalculateVLim	c:\BuildAgent\cm3-build22-NGC\CMBuild\src\target\external\ngc\DolphinSDK1.0\HW2\lib\gx.a(GXAttr.o)
0x8042B21C	0x1B4	GXGetVtxDesc	c:\BuildAgent\cm3-build22-NGC\CMBuild\src\target\external\ngc\DolphinSDK1.0\HW2\lib\gx.a(GXAttr.o)
0x8042B3D0	0x90	GXGetVtxDescv	c:\BuildAgent\cm3-build22-NGC\CMBuild\src\target\external\ngc\DolphinSDK1.0\HW2\lib\gx.a(GXAttr.o)
0x8042B460	0x38	GXClearVtxDesc	c:\BuildAgent\cm3-build22-NGC\CMBuild\src\target\external\ngc\DolphinSDK1.0\HW2\lib\gx.a(GXAttr.o)
0x8042B498	0x25C	GXSetVtxAttrFmt	c:\BuildAgent\cm3-build22-NGC\CMBuild\src\target\external\ngc\DolphinSDK1.0\HW2\lib\gx.a(GXAttr.o)
0x8042B6F4	0x280	GXSetVtxAttrFmtv	c:\BuildAgent\cm3-build22-NGC\CMBuild\src\target\external\ngc\DolphinSDK1.0\HW2\lib\gx.a(GXAttr.o)
0x8042B974	0x88	__GXSetVAT	c:\BuildAgent\cm3-build22-NGC\CMBuild\src\target\external\ngc\DolphinSDK1.0\HW2\lib\gx.a(GXAttr.o)
0x8042B9FC	0x280	GXGetVtxAttrFmt	c:\BuildAgent\cm3-build22-NGC\CMBuild\src\target\external\ngc\DolphinSDK1.0\HW2\lib\gx.a(GXAttr.o)
0x8042BC7C	0x44	GXSetArray	c:\BuildAgent\cm3-build22-NGC\CMBuild\src\target\external\ngc\DolphinSDK1.0\HW2\lib\gx.a(GXAttr.o)
0x8042BCD0	0x280	GXSetTexCoordGen2	c:\BuildAgent\cm3-build22-NGC\CMBuild\src\target\external\ngc\DolphinSDK1.0\HW2\lib\gx.a(GXAttr.o)
0x8042BF50	0x3C	GXSetNumTexGens	c:\BuildAgent\cm3-build22-NGC\CMBuild\src\target\external\ngc\DolphinSDK1.0\HW2\lib\gx.a(GXAttr.o)
0x8042BF8C	0x94	GXSetMisc	c:\BuildAgent\cm3-build22-NGC\CMBuild\src\target\external\ngc\DolphinSDK1.0\HW2\lib\gx.a(GXMisc.o)
0x8042C020	0x5C	GXFlush	c:\BuildAgent\cm3-build22-NGC\CMBuild\src\target\external\ngc\DolphinSDK1.0\HW2\lib\gx.a(GXMisc.o)
0x8042C07C	0x16C	__GXAbort	c:\BuildAgent\cm3-build22-NGC\CMBuild\src\target\external\ngc\DolphinSDK1.0\HW2\lib\gx.a(GXMisc.o)
0x8042C1E8	0x1C8	GXAbortFrame	c:\BuildAgent\cm3-build22-NGC\CMBuild\src\target\external\ngc\DolphinSDK1.0\HW2\lib\gx.a(GXMisc.o)
0x8042C3B0	0xB4	GXSetDrawSync	c:\BuildAgent\cm3-build22-NGC\CMBuild\src\target\external\ngc\DolphinSDK1.0\HW2\lib\gx.a(GXMisc.o)
0x8042C464	0x80	GXDrawDone	c:\BuildAgent\cm3-build22-NGC\CMBuild\src\target\external\ngc\DolphinSDK1.0\HW2\lib\gx.a(GXMisc.o)
0x8042C554	0x64	GXPokeBlendMode	c:\BuildAgent\cm3-build22-NGC\CMBuild\src\target\external\ngc\DolphinSDK1.0\HW2\lib\gx.a(GXMisc.o)
0x8042C670	0x88	GXTokenInterruptHandler	c:\BuildAgent\cm3-build22-NGC\CMBuild\src\target\external\ngc\DolphinSDK1.0\HW2\lib\gx.a(GXMisc.o)
0x8042C73C	0x80	GXFinishInterruptHandler	c:\BuildAgent\cm3-build22-NGC\CMBuild\src\target\external\ngc\DolphinSDK1.0\HW2\lib\gx.a(GXMisc.o)
0x8042C7BC	0x74	__GXPEInit	c:\BuildAgent\cm3-build22-NGC\CMBuild\src\target\external\ngc\DolphinSDK1.0\HW2\lib\gx.a(GXMisc.o)
0x8042C830	0x80	__GXSetDirtyState	c:\BuildAgent\cm3-build22-NGC\CMBuild\src\target\external\ngc\DolphinSDK1.0\HW2\lib\gx.a(GXGeometry.o)
0x8042C8B0	0xD0	GXBegin	c:\BuildAgent\cm3-build22-NGC\CMBuild\src\target\external\ngc\DolphinSDK1.0\HW2\lib\gx.a(GXGeometry.o)
0x8042C980	0x88	__GXSendFlushPrim	c:\BuildAgent\cm3-build22-NGC\CMBuild\src\target\external\ngc\DolphinSDK1.0\HW2\lib\gx.a(GXGeometry.o)
0x8042CA08	0x40	GXSetLineWidth	c:\BuildAgent\cm3-build22-NGC\CMBuild\src\target\external\ngc\DolphinSDK1.0\HW2\lib\gx.a(GXGeometry.o)
0x8042CA48	0x40	GXSetPointSize	c:\BuildAgent\cm3-build22-NGC\CMBuild\src\target\external\ngc\DolphinSDK1.0\HW2\lib\gx.a(GXGeometry.o)
0x8042CA88	0x48	GXEnableTexOffsets	c:\BuildAgent\cm3-build22-NGC\CMBuild\src\target\external\ngc\DolphinSDK1.0\HW2\lib\gx.a(GXGeometry.o)
0x8042CB14	0x34	GXSetCoPlanar	c:\BuildAgent\cm3-build22-NGC\CMBuild\src\target\external\ngc\DolphinSDK1.0\HW2\lib\gx.a(GXGeometry.o)
0x8042CB6C	0x144	GXAdjustForOverscan	c:\BuildAgent\cm3-build22-NGC\CMBuild\src\target\external\ngc\DolphinSDK1.0\HW2\lib\gx.a(GXFrameBuf.o)
0x8042CDA8	0x34	GXSetDispCopyDst	c:\BuildAgent\cm3-build22-NGC\CMBuild\src\target\external\ngc\DolphinSDK1.0\HW2\lib\gx.a(GXFrameBuf.o)
0x8042CDDC	0x130	GXSetTexCopyDst	c:\BuildAgent\cm3-build22-NGC\CMBuild\src\target\external\ngc\DolphinSDK1.0\HW2\lib\gx.a(GXFrameBuf.o)
0x8042CF30	0x58	GXSetCopyClamp	c:\BuildAgent\cm3-build22-NGC\CMBuild\src\target\external\ngc\DolphinSDK1.0\HW2\lib\gx.a(GXFrameBuf.o)
0x8042CF88	0x238	GXGetYScaleFactor	c:\BuildAgent\cm3-build22-NGC\CMBuild\src\target\external\ngc\DolphinSDK1.0\HW2\lib\gx.a(GXFrameBuf.o)
0x8042D1C0	0xCC	GXSetDispCopyYScale	c:\BuildAgent\cm3-build22-NGC\CMBuild\src\target\external\ngc\DolphinSDK1.0\HW2\lib\gx.a(GXFrameBuf.o)
0x8042D28C	0x78	GXSetCopyClear	c:\BuildAgent\cm3-build22-NGC\CMBuild\src\target\external\ngc\DolphinSDK1.0\HW2\lib\gx.a(GXFrameBuf.o)
0x8042D304	0x208	GXSetCopyFilter	c:\BuildAgent\cm3-build22-NGC\CMBuild\src\target\external\ngc\DolphinSDK1.0\HW2\lib\gx.a(GXFrameBuf.o)
0x8042D520	0x168	GXCopyDisp	c:\BuildAgent\cm3-build22-NGC\CMBuild\src\target\external\ngc\DolphinSDK1.0\HW2\lib\gx.a(GXFrameBuf.o)
0x8042D688	0x18C	GXCopyTex	c:\BuildAgent\cm3-build22-NGC\CMBuild\src\target\external\ngc\DolphinSDK1.0\HW2\lib\gx.a(GXFrameBuf.o)
0x8042D814	0x38	GXClearBoundingBox	c:\BuildAgent\cm3-build22-NGC\CMBuild\src\target\external\ngc\DolphinSDK1.0\HW2\lib\gx.a(GXFrameBuf.o)
0x8042D84C	0x190	GXInitLightSpot	c:\BuildAgent\cm3-build22-NGC\CMBuild\src\target\external\ngc\DolphinSDK1.0\HW2\lib\gx.a(GXLight.o)
0x8042D9F8	0x7C	GXLoadLightObjImm	c:\BuildAgent\cm3-build22-NGC\CMBuild\src\target\external\ngc\DolphinSDK1.0\HW2\lib\gx.a(GXLight.o)
0x8042DC44	0x3C	GXSetNumChans	c:\BuildAgent\cm3-build22-NGC\CMBuild\src\target\external\ngc\DolphinSDK1.0\HW2\lib\gx.a(GXLight.o)
0x8042DC80	0xB0	GXSetChanCtrl	c:\BuildAgent\cm3-build22-NGC\CMBuild\src\target\external\ngc\DolphinSDK1.0\HW2\lib\gx.a(GXLight.o)
0x8042DD30	0x64	__GXGetTexTileShift	c:\BuildAgent\cm3-build22-NGC\CMBuild\src\target\external\ngc\DolphinSDK1.0\HW2\lib\gx.a(GXTexture.o)
0x8042DD94	0x15C	GXGetTexBufferSize	c:\BuildAgent\cm3-build22-NGC\CMBuild\src\target\external\ngc\DolphinSDK1.0\HW2\lib\gx.a(GXTexture.o)
0x8042DEF0	0xC8	__GetImageTileCount	c:\BuildAgent\cm3-build22-NGC\CMBuild\src\target\external\ngc\DolphinSDK1.0\HW2\lib\gx.a(GXTexture.o)
0x8042DFB8	0x24C	GXInitTexObj	c:\BuildAgent\cm3-build22-NGC\CMBuild\src\target\external\ngc\DolphinSDK1.0\HW2\lib\gx.a(GXTexture.o)
0x8042E204	0x48	GXInitTexObjCI	c:\BuildAgent\cm3-build22-NGC\CMBuild\src\target\external\ngc\DolphinSDK1.0\HW2\lib\gx.a(GXTexture.o)
0x8042E24C	0x164	GXInitTexObjLOD	c:\BuildAgent\cm3-build22-NGC\CMBuild\src\target\external\ngc\DolphinSDK1.0\HW2\lib\gx.a(GXTexture.o)
0x8042E414	0x17C	GXLoadTexObjPreLoaded	c:\BuildAgent\cm3-build22-NGC\CMBuild\src\target\external\ngc\DolphinSDK1.0\HW2\lib\gx.a(GXTexture.o)
0x8042E590	0x54	GXLoadTexObj	c:\BuildAgent\cm3-build22-NGC\CMBuild\src\target\external\ngc\DolphinSDK1.0\HW2\lib\gx.a(GXTexture.o)
0x8042E5E4	0x38	GXInitTlutObj	c:\BuildAgent\cm3-build22-NGC\CMBuild\src\target\external\ngc\DolphinSDK1.0\HW2\lib\gx.a(GXTexture.o)
0x8042E61C	0x98	GXLoadTlut	c:\BuildAgent\cm3-build22-NGC\CMBuild\src\target\external\ngc\DolphinSDK1.0\HW2\lib\gx.a(GXTexture.o)
0x8042E6B4	0xF4	GXInitTexCacheRegion	c:\BuildAgent\cm3-build22-NGC\CMBuild\src\target\external\ngc\DolphinSDK1.0\HW2\lib\gx.a(GXTexture.o)
0x8042E7A8	0x38	GXInitTlutRegion	c:\BuildAgent\cm3-build22-NGC\CMBuild\src\target\external\ngc\DolphinSDK1.0\HW2\lib\gx.a(GXTexture.o)
0x8042E7E0	0x48	GXInvalidateTexAll	c:\BuildAgent\cm3-build22-NGC\CMBuild\src\target\external\ngc\DolphinSDK1.0\HW2\lib\gx.a(GXTexture.o)
0x8042E850	0xA0	__SetSURegs	c:\BuildAgent\cm3-build22-NGC\CMBuild\src\target\external\ngc\DolphinSDK1.0\HW2\lib\gx.a(GXTexture.o)
0x8042E8F0	0x17C	__GXSetSUTexRegs	c:\BuildAgent\cm3-build22-NGC\CMBuild\src\target\external\ngc\DolphinSDK1.0\HW2\lib\gx.a(GXTexture.o)
0x8042EA6C	0x354	__GXSetTmemConfig	c:\BuildAgent\cm3-build22-NGC\CMBuild\src\target\external\ngc\DolphinSDK1.0\HW2\lib\gx.a(GXTexture.o)
0x8042EDC0	0x6C	GXSetTevIndirect	c:\BuildAgent\cm3-build22-NGC\CMBuild\src\target\external\ngc\DolphinSDK1.0\HW2\lib\gx.a(GXBump.o)
0x8042EE2C	0x178	GXSetIndTexMtx	c:\BuildAgent\cm3-build22-NGC\CMBuild\src\target\external\ngc\DolphinSDK1.0\HW2\lib\gx.a(GXBump.o)
0x8042EFA4	0x144	GXSetIndTexCoordScale	c:\BuildAgent\cm3-build22-NGC\CMBuild\src\target\external\ngc\DolphinSDK1.0\HW2\lib\gx.a(GXBump.o)
0x8042F0E8	0xEC	GXSetIndTexOrder	c:\BuildAgent\cm3-build22-NGC\CMBuild\src\target\external\ngc\DolphinSDK1.0\HW2\lib\gx.a(GXBump.o)
0x8042F28C	0x30	__GXSetIndirectMask	c:\BuildAgent\cm3-build22-NGC\CMBuild\src\target\external\ngc\DolphinSDK1.0\HW2\lib\gx.a(GXBump.o)
0x8042F2E0	0x8C	GXSetTevOp	c:\BuildAgent\cm3-build22-NGC\CMBuild\src\target\external\ngc\DolphinSDK1.0\HW2\lib\gx.a(GXTev.o)
0x8042F36C	0x44	GXSetTevColorIn	c:\BuildAgent\cm3-build22-NGC\CMBuild\src\target\external\ngc\DolphinSDK1.0\HW2\lib\gx.a(GXTev.o)
0x8042F3B0	0x44	GXSetTevAlphaIn	c:\BuildAgent\cm3-build22-NGC\CMBuild\src\target\external\ngc\DolphinSDK1.0\HW2\lib\gx.a(GXTev.o)
0x8042F4C4	0x64	GXSetTevKColor	c:\BuildAgent\cm3-build22-NGC\CMBuild\src\target\external\ngc\DolphinSDK1.0\HW2\lib\gx.a(GXTev.o)
0x8042F528	0x5C	GXSetTevKColorSel	c:\BuildAgent\cm3-build22-NGC\CMBuild\src\target\external\ngc\DolphinSDK1.0\HW2\lib\gx.a(GXTev.o)
0x8042F584	0x5C	GXSetTevKAlphaSel	c:\BuildAgent\cm3-build22-NGC\CMBuild\src\target\external\ngc\DolphinSDK1.0\HW2\lib\gx.a(GXTev.o)
0x8042F5E0	0x48	GXSetTevSwapMode	c:\BuildAgent\cm3-build22-NGC\CMBuild\src\target\external\ngc\DolphinSDK1.0\HW2\lib\gx.a(GXTev.o)
0x8042F628	0x80	GXSetTevSwapModeTable	c:\BuildAgent\cm3-build22-NGC\CMBuild\src\target\external\ngc\DolphinSDK1.0\HW2\lib\gx.a(GXTev.o)
0x8042F6A8	0x44	GXSetAlphaCompare	c:\BuildAgent\cm3-build22-NGC\CMBuild\src\target\external\ngc\DolphinSDK1.0\HW2\lib\gx.a(GXTev.o)
0x8042F6EC	0x8C	GXSetZTexture	c:\BuildAgent\cm3-build22-NGC\CMBuild\src\target\external\ngc\DolphinSDK1.0\HW2\lib\gx.a(GXTev.o)
0x8042F778	0x19C	GXSetTevOrder	c:\BuildAgent\cm3-build22-NGC\CMBuild\src\target\external\ngc\DolphinSDK1.0\HW2\lib\gx.a(GXTev.o)
0x8042F93C	0x214	GXSetFog	c:\BuildAgent\cm3-build22-NGC\CMBuild\src\target\external\ngc\DolphinSDK1.0\HW2\lib\gx.a(GXPixel.o)
0x8042FB50	0x1B0	GXInitFogAdjTable	c:\BuildAgent\cm3-build22-NGC\CMBuild\src\target\external\ngc\DolphinSDK1.0\HW2\lib\gx.a(GXPixel.o)
0x8042FD00	0x124	GXSetFogRangeAdj	c:\BuildAgent\cm3-build22-NGC\CMBuild\src\target\external\ngc\DolphinSDK1.0\HW2\lib\gx.a(GXPixel.o)
0x8042FE24	0x54	GXSetBlendMode	c:\BuildAgent\cm3-build22-NGC\CMBuild\src\target\external\ngc\DolphinSDK1.0\HW2\lib\gx.a(GXPixel.o)
0x8042FED0	0x34	GXSetZMode	c:\BuildAgent\cm3-build22-NGC\CMBuild\src\target\external\ngc\DolphinSDK1.0\HW2\lib\gx.a(GXPixel.o)
0x8042FF04	0x34	GXSetZCompLoc	c:\BuildAgent\cm3-build22-NGC\CMBuild\src\target\external\ngc\DolphinSDK1.0\HW2\lib\gx.a(GXPixel.o)
0x8042FF38	0xD4	GXSetPixelFmt	c:\BuildAgent\cm3-build22-NGC\CMBuild\src\target\external\ngc\DolphinSDK1.0\HW2\lib\gx.a(GXPixel.o)
0x80430038	0x3C	GXSetDstAlpha	c:\BuildAgent\cm3-build22-NGC\CMBuild\src\target\external\ngc\DolphinSDK1.0\HW2\lib\gx.a(GXPixel.o)
0x80430074	0x38	GXSetFieldMask	c:\BuildAgent\cm3-build22-NGC\CMBuild\src\target\external\ngc\DolphinSDK1.0\HW2\lib\gx.a(GXPixel.o)
0x804300AC	0x78	GXSetFieldMode	c:\BuildAgent\cm3-build22-NGC\CMBuild\src\target\external\ngc\DolphinSDK1.0\HW2\lib\gx.a(GXPixel.o)
0x80430124	0x70	GXCallDisplayList	c:\BuildAgent\cm3-build22-NGC\CMBuild\src\target\external\ngc\DolphinSDK1.0\HW2\lib\gx.a(GXDisplayList.o)
0x80430194	0xA4	GXSetProjection	c:\BuildAgent\cm3-build22-NGC\CMBuild\src\target\external\ngc\DolphinSDK1.0\HW2\lib\gx.a(GXTransform.o)
0x80430238	0x8C	GXSetProjectionv	c:\BuildAgent\cm3-build22-NGC\CMBuild\src\target\external\ngc\DolphinSDK1.0\HW2\lib\gx.a(GXTransform.o)
0x804302C4	0x50	GXLoadPosMtxImm	c:\BuildAgent\cm3-build22-NGC\CMBuild\src\target\external\ngc\DolphinSDK1.0\HW2\lib\gx.a(GXTransform.o)
0x80430314	0x50	GXLoadNrmMtxImm	c:\BuildAgent\cm3-build22-NGC\CMBuild\src\target\external\ngc\DolphinSDK1.0\HW2\lib\gx.a(GXTransform.o)
0x80430364	0x34	GXSetCurrentMtx	c:\BuildAgent\cm3-build22-NGC\CMBuild\src\target\external\ngc\DolphinSDK1.0\HW2\lib\gx.a(GXTransform.o)
0x80430398	0xB4	GXLoadTexMtxImm	c:\BuildAgent\cm3-build22-NGC\CMBuild\src\target\external\ngc\DolphinSDK1.0\HW2\lib\gx.a(GXTransform.o)
0x8043044C	0x90	__GXSetViewport	c:\BuildAgent\cm3-build22-NGC\CMBuild\src\target\external\ngc\DolphinSDK1.0\HW2\lib\gx.a(GXTransform.o)
0x804304DC	0x58	GXSetViewportJitter	c:\BuildAgent\cm3-build22-NGC\CMBuild\src\target\external\ngc\DolphinSDK1.0\HW2\lib\gx.a(GXTransform.o)
0x80430534	0x48	GXSetViewport	c:\BuildAgent\cm3-build22-NGC\CMBuild\src\target\external\ngc\DolphinSDK1.0\HW2\lib\gx.a(GXTransform.o)
0x8043057C	0x78	GXSetScissor	c:\BuildAgent\cm3-build22-NGC\CMBuild\src\target\external\ngc\DolphinSDK1.0\HW2\lib\gx.a(GXTransform.o)
0x804305F4	0x40	GXSetScissorBoxOffset	c:\BuildAgent\cm3-build22-NGC\CMBuild\src\target\external\ngc\DolphinSDK1.0\HW2\lib\gx.a(GXTransform.o)
0x8043065C	0x84	__GXSetMatrixIndex	c:\BuildAgent\cm3-build22-NGC\CMBuild\src\target\external\ngc\DolphinSDK1.0\HW2\lib\gx.a(GXTransform.o)
0x804306E0	0x848	GXSetGPMetric	c:\BuildAgent\cm3-build22-NGC\CMBuild\src\target\external\ngc\DolphinSDK1.0\HW2\lib\gx.a(GXPerf.o)
0x80430F28	0x1A8	GXReadGPMetric	c:\BuildAgent\cm3-build22-NGC\CMBuild\src\target\external\ngc\DolphinSDK1.0\HW2\lib\gx.a(GXPerf.o)
0x804310E0	0x138	GXReadPixMetric	c:\BuildAgent\cm3-build22-NGC\CMBuild\src\target\external\ngc\DolphinSDK1.0\HW2\lib\gx.a(GXPerf.o)
0x80431218	0x34	PSMTXCopy	c:\BuildAgent\cm3-build22-NGC\CMBuild\src\target\external\ngc\DolphinSDK1.0\HW2\lib\mtx.a(mtx.o)
0x8043124C	0xCC	PSMTXConcat	c:\BuildAgent\cm3-build22-NGC\CMBuild\src\target\external\ngc\DolphinSDK1.0\HW2\lib\mtx.a(mtx.o)
0x80431318	0x34	PSMTXTrans	c:\BuildAgent\cm3-build22-NGC\CMBuild\src\target\external\ngc\DolphinSDK1.0\HW2\lib\mtx.a(mtx.o)
0x80431374	0xCC	C_MTXLightPerspective	c:\BuildAgent\cm3-build22-NGC\CMBuild\src\target\external\ngc\DolphinSDK1.0\HW2\lib\mtx.a(mtx.o)
0x80431440	0x54	PSMTXMultVec	c:\BuildAgent\cm3-build22-NGC\CMBuild\src\target\external\ngc\DolphinSDK1.0\HW2\lib\mtx.a(mtxvec.o)
0x80431494	0xD0	C_MTXPerspective	c:\BuildAgent\cm3-build22-NGC\CMBuild\src\target\external\ngc\DolphinSDK1.0\HW2\lib\mtx.a(mtx44.o)
0x80431564	0x98	C_MTXOrtho	c:\BuildAgent\cm3-build22-NGC\CMBuild\src\target\external\ngc\DolphinSDK1.0\HW2\lib\mtx.a(mtx44.o)
0x804315FC	0x104	PSMTX44Concat	c:\BuildAgent\cm3-build22-NGC\CMBuild\src\target\external\ngc\DolphinSDK1.0\HW2\lib\mtx.a(mtx44.o)
0x80431700	0x128	__OSFPRInit	c:\BuildAgent\cm3-build22-NGC\CMBuild\src\target\external\ngc\DolphinSDK1.0\HW2\lib\os.a(OS.o)
0x80431850	0x3C	InquiryCallback	c:\BuildAgent\cm3-build22-NGC\CMBuild\src\target\external\ngc\DolphinSDK1.0\HW2\lib\os.a(OS.o)
0x8043188C	0x4E0	OSInit	c:\BuildAgent\cm3-build22-NGC\CMBuild\src\target\external\ngc\DolphinSDK1.0\HW2\lib\os.a(OS.o)
0x80431D6C	0x280	OSExceptionInit	c:\BuildAgent\cm3-build22-NGC\CMBuild\src\target\external\ngc\DolphinSDK1.0\HW2\lib\os.a(OS.o)
0x80432044	0x9C	OSExceptionVector	c:\BuildAgent\cm3-build22-NGC\CMBuild\src\target\external\ngc\DolphinSDK1.0\HW2\lib\os.a(OS.o)
0x804320E0	0x58	OSDefaultExceptionHandler	__DBVECTOR
0x80432138	0x54	__OSPSInit	__DBVECTOR
0x804321CC	0x58	OSInitAlarm	c:\BuildAgent\cm3-build22-NGC\CMBuild\src\target\external\ngc\DolphinSDK1.0\HW2\lib\os.a(OSAlarm.o)
0x80432234	0x250	InsertAlarm	c:\BuildAgent\cm3-build22-NGC\CMBuild\src\target\external\ngc\DolphinSDK1.0\HW2\lib\os.a(OSAlarm.o)
0x80432484	0x68	OSSetAlarm	c:\BuildAgent\cm3-build22-NGC\CMBuild\src\target\external\ngc\DolphinSDK1.0\HW2\lib\os.a(OSAlarm.o)
0x804324EC	0x7C	OSSetPeriodicAlarm	c:\BuildAgent\cm3-build22-NGC\CMBuild\src\target\external\ngc\DolphinSDK1.0\HW2\lib\os.a(OSAlarm.o)
0x80432568	0x11C	OSCancelAlarm	c:\BuildAgent\cm3-build22-NGC\CMBuild\src\target\external\ngc\DolphinSDK1.0\HW2\lib\os.a(OSAlarm.o)
0x80432684	0x230	DecrementerExceptionCallback	c:\BuildAgent\cm3-build22-NGC\CMBuild\src\target\external\ngc\DolphinSDK1.0\HW2\lib\os.a(OSAlarm.o)
0x80432904	0xA0	OnReset	c:\BuildAgent\cm3-build22-NGC\CMBuild\src\target\external\ngc\DolphinSDK1.0\HW2\lib\os.a(OSAlarm.o)
0x80432D00	0x1BC	__OSInitAudioSystem	c:\BuildAgent\cm3-build22-NGC\CMBuild\src\target\external\ngc\DolphinSDK1.0\HW2\lib\os.a(OSAudioSystem.o)
0x80432EBC	0xD8	__OSStopAudioSystem	c:\BuildAgent\cm3-build22-NGC\CMBuild\src\target\external\ngc\DolphinSDK1.0\HW2\lib\os.a(OSAudioSystem.o)
0x80432FD4	0x30	DCFlushRange	c:\BuildAgent\cm3-build22-NGC\CMBuild\src\target\external\ngc\DolphinSDK1.0\HW2\lib\os.a(OSCache.o)
0x80433004	0x30	DCStoreRange	c:\BuildAgent\cm3-build22-NGC\CMBuild\src\target\external\ngc\DolphinSDK1.0\HW2\lib\os.a(OSCache.o)
0x8043308C	0x34	ICInvalidateRange	c:\BuildAgent\cm3-build22-NGC\CMBuild\src\target\external\ngc\DolphinSDK1.0\HW2\lib\os.a(OSCache.o)
0x8043310C	0x98	L2GlobalInvalidate	c:\BuildAgent\cm3-build22-NGC\CMBuild\src\target\external\ngc\DolphinSDK1.0\HW2\lib\os.a(OSCache.o)
0x804331A4	0x160	DMAErrorHandler	c:\BuildAgent\cm3-build22-NGC\CMBuild\src\target\external\ngc\DolphinSDK1.0\HW2\lib\os.a(OSCache.o)
0x80433304	0xF4	__OSCacheInit	c:\BuildAgent\cm3-build22-NGC\CMBuild\src\target\external\ngc\DolphinSDK1.0\HW2\lib\os.a(OSCache.o)
0x804333F8	0x124	__OSLoadFPUContext	c:\BuildAgent\cm3-build22-NGC\CMBuild\src\target\external\ngc\DolphinSDK1.0\HW2\lib\os.a(OSContext.o)
0x8043351C	0x128	__OSSaveFPUContext	c:\BuildAgent\cm3-build22-NGC\CMBuild\src\target\external\ngc\DolphinSDK1.0\HW2\lib\os.a(OSContext.o)
0x8043364C	0x5C	OSSetCurrentContext	c:\BuildAgent\cm3-build22-NGC\CMBuild\src\target\external\ngc\DolphinSDK1.0\HW2\lib\os.a(OSContext.o)
0x804336B4	0x80	OSSaveContext	c:\BuildAgent\cm3-build22-NGC\CMBuild\src\target\external\ngc\DolphinSDK1.0\HW2\lib\os.a(OSContext.o)
0x80433734	0xD8	OSLoadContext	c:\BuildAgent\cm3-build22-NGC\CMBuild\src\target\external\ngc\DolphinSDK1.0\HW2\lib\os.a(OSContext.o)
0x80433838	0xBC	OSInitContext	c:\BuildAgent\cm3-build22-NGC\CMBuild\src\target\external\ngc\DolphinSDK1.0\HW2\lib\os.a(OSContext.o)
0x804338F4	0x2A8	OSDumpContext	c:\BuildAgent\cm3-build22-NGC\CMBuild\src\target\external\ngc\DolphinSDK1.0\HW2\lib\os.a(OSContext.o)
0x80433B9C	0x84	OSSwitchFPUContext	c:\BuildAgent\cm3-build22-NGC\CMBuild\src\target\external\ngc\DolphinSDK1.0\HW2\lib\os.a(OSContext.o)
0x80433C20	0x48	__OSContextInit	c:\BuildAgent\cm3-build22-NGC\CMBuild\src\target\external\ngc\DolphinSDK1.0\HW2\lib\os.a(OSContext.o)
0x80433C68	0x80	OSReport	c:\BuildAgent\cm3-build22-NGC\CMBuild\src\target\external\ngc\DolphinSDK1.0\HW2\lib\os.a(OSError.o)
0x80433CE8	0x12C	OSPanic	c:\BuildAgent\cm3-build22-NGC\CMBuild\src\target\external\ngc\DolphinSDK1.0\HW2\lib\os.a(OSError.o)
0x80433E14	0x218	OSSetErrorHandler	c:\BuildAgent\cm3-build22-NGC\CMBuild\src\target\external\ngc\DolphinSDK1.0\HW2\lib\os.a(OSError.o)
0x8043402C	0x2E8	__OSUnhandledException	c:\BuildAgent\cm3-build22-NGC\CMBuild\src\target\external\ngc\DolphinSDK1.0\HW2\lib\os.a(OSError.o)
0x80434314	0x188	PackArgs	c:\BuildAgent\cm3-build22-NGC\CMBuild\src\target\external\ngc\DolphinSDK1.0\HW2\lib\os.a(OSExec.o)
0x804344D8	0x6C	ReadDisc	c:\BuildAgent\cm3-build22-NGC\CMBuild\src\target\external\ngc\DolphinSDK1.0\HW2\lib\os.a(OSExec.o)
0x80434550	0x40	__OSGetExecParams	c:\BuildAgent\cm3-build22-NGC\CMBuild\src\target\external\ngc\DolphinSDK1.0\HW2\lib\os.a(OSExec.o)
0x80434590	0xC4	GetApploaderPosition	c:\BuildAgent\cm3-build22-NGC\CMBuild\src\target\external\ngc\DolphinSDK1.0\HW2\lib\os.a(OSExec.o)
0x80434654	0x484	__OSBootDolSimple	c:\BuildAgent\cm3-build22-NGC\CMBuild\src\target\external\ngc\DolphinSDK1.0\HW2\lib\os.a(OSExec.o)
0x80434AD8	0x19C	__OSBootDol	c:\BuildAgent\cm3-build22-NGC\CMBuild\src\target\external\ngc\DolphinSDK1.0\HW2\lib\os.a(OSExec.o)
0x80434C74	0x174	GetFontCode	c:\BuildAgent\cm3-build22-NGC\CMBuild\src\target\external\ngc\DolphinSDK1.0\HW2\lib\os.a(OSFont.o)
0x80434DE8	0x64	OSGetFontEncode	c:\BuildAgent\cm3-build22-NGC\CMBuild\src\target\external\ngc\DolphinSDK1.0\HW2\lib\os.a(OSFont.o)
0x80434E4C	0x13C	ParseStringS	c:\BuildAgent\cm3-build22-NGC\CMBuild\src\target\external\ngc\DolphinSDK1.0\HW2\lib\os.a(OSFont.o)
0x80435004	0x74	__OSInterruptInit	__RAS_OSDisableInterrupts_end
0x80435078	0x2D8	SetInterruptMask	c:\BuildAgent\cm3-build22-NGC\CMBuild\src\target\external\ngc\DolphinSDK1.0\HW2\lib\os.a(OSInterrupt.o)
0x80435350	0x88	__OSMaskInterrupts	__RAS_OSDisableInterrupts_end
0x804353D8	0x88	__OSUnmaskInterrupts	__RAS_OSDisableInterrupts_end
0x80435460	0x344	__OSDispatchInterrupt	__RAS_OSDisableInterrupts_end
0x8043580C	0x60	OSInitMessageQueue	c:\BuildAgent\cm3-build22-NGC\CMBuild\src\target\external\ngc\DolphinSDK1.0\HW2\lib\os.a(OSMessage.o)
0x8043586C	0xC8	OSSendMessage	c:\BuildAgent\cm3-build22-NGC\CMBuild\src\target\external\ngc\DolphinSDK1.0\HW2\lib\os.a(OSMessage.o)
0x80435934	0xDC	OSReceiveMessage	c:\BuildAgent\cm3-build22-NGC\CMBuild\src\target\external\ngc\DolphinSDK1.0\HW2\lib\os.a(OSMessage.o)
0x80435A10	0x3C	OnReset	c:\BuildAgent\cm3-build22-NGC\CMBuild\src\target\external\ngc\DolphinSDK1.0\HW2\lib\os.a(OSMemory.o)
0x80435A4C	0x6C	MEMIntrruptHandler	c:\BuildAgent\cm3-build22-NGC\CMBuild\src\target\external\ngc\DolphinSDK1.0\HW2\lib\os.a(OSMemory.o)
0x80435BD0	0x118	__OSInitMemoryProtection	c:\BuildAgent\cm3-build22-NGC\CMBuild\src\target\external\ngc\DolphinSDK1.0\HW2\lib\os.a(OSMemory.o)
0x80435CE8	0x38	OSInitMutex	c:\BuildAgent\cm3-build22-NGC\CMBuild\src\target\external\ngc\DolphinSDK1.0\HW2\lib\os.a(OSMutex.o)
0x80435D20	0xDC	OSLockMutex	c:\BuildAgent\cm3-build22-NGC\CMBuild\src\target\external\ngc\DolphinSDK1.0\HW2\lib\os.a(OSMutex.o)
0x80435DFC	0xC8	OSUnlockMutex	c:\BuildAgent\cm3-build22-NGC\CMBuild\src\target\external\ngc\DolphinSDK1.0\HW2\lib\os.a(OSMutex.o)
0x80435EC4	0x70	__OSUnlockAllMutex	c:\BuildAgent\cm3-build22-NGC\CMBuild\src\target\external\ngc\DolphinSDK1.0\HW2\lib\os.a(OSMutex.o)
0x80435F34	0x70	__OSReboot	c:\BuildAgent\cm3-build22-NGC\CMBuild\src\target\external\ngc\DolphinSDK1.0\HW2\lib\os.a(OSReboot.o)
0x80435FB8	0x84	OSRegisterResetFunction	c:\BuildAgent\cm3-build22-NGC\CMBuild\src\target\external\ngc\DolphinSDK1.0\HW2\lib\os.a(OSReset.o)
0x8043603C	0xA8	__OSCallResetFunctions	c:\BuildAgent\cm3-build22-NGC\CMBuild\src\target\external\ngc\DolphinSDK1.0\HW2\lib\os.a(OSReset.o)
0x804360E4	0x70	Reset	c:\BuildAgent\cm3-build22-NGC\CMBuild\src\target\external\ngc\DolphinSDK1.0\HW2\lib\os.a(OSReset.o)
0x80436154	0x68	KillThreads	c:\BuildAgent\cm3-build22-NGC\CMBuild\src\target\external\ngc\DolphinSDK1.0\HW2\lib\os.a(OSReset.o)
0x804361BC	0x48	__OSDoHotReset	c:\BuildAgent\cm3-build22-NGC\CMBuild\src\target\external\ngc\DolphinSDK1.0\HW2\lib\os.a(OSReset.o)
0x80436204	0x200	OSResetSystem	c:\BuildAgent\cm3-build22-NGC\CMBuild\src\target\external\ngc\DolphinSDK1.0\HW2\lib\os.a(OSReset.o)
0x80436404	0x38	OSGetResetCode	c:\BuildAgent\cm3-build22-NGC\CMBuild\src\target\external\ngc\DolphinSDK1.0\HW2\lib\os.a(OSReset.o)
0x8043643C	0xF4	__OSResetSWInterruptHandler	c:\BuildAgent\cm3-build22-NGC\CMBuild\src\target\external\ngc\DolphinSDK1.0\HW2\lib\os.a(OSResetSW.o)
0x80436530	0x298	OSGetResetButtonState	c:\BuildAgent\cm3-build22-NGC\CMBuild\src\target\external\ngc\DolphinSDK1.0\HW2\lib\os.a(OSResetSW.o)
0x804367E8	0x60	WriteSramCallback	c:\BuildAgent\cm3-build22-NGC\CMBuild\src\target\external\ngc\DolphinSDK1.0\HW2\lib\os.a(OSRtc.o)
0x80436848	0x118	WriteSram	c:\BuildAgent\cm3-build22-NGC\CMBuild\src\target\external\ngc\DolphinSDK1.0\HW2\lib\os.a(OSRtc.o)
0x80436960	0x13C	__OSInitSram	c:\BuildAgent\cm3-build22-NGC\CMBuild\src\target\external\ngc\DolphinSDK1.0\HW2\lib\os.a(OSRtc.o)
0x80436A9C	0x5C	__OSLockSram	c:\BuildAgent\cm3-build22-NGC\CMBuild\src\target\external\ngc\DolphinSDK1.0\HW2\lib\os.a(OSRtc.o)
0x80436AF8	0x5C	__OSLockSramEx	c:\BuildAgent\cm3-build22-NGC\CMBuild\src\target\external\ngc\DolphinSDK1.0\HW2\lib\os.a(OSRtc.o)
0x80436B54	0x33C	UnlockSram	c:\BuildAgent\cm3-build22-NGC\CMBuild\src\target\external\ngc\DolphinSDK1.0\HW2\lib\os.a(OSRtc.o)
0x80436EE8	0x70	OSGetProgressiveMode	c:\BuildAgent\cm3-build22-NGC\CMBuild\src\target\external\ngc\DolphinSDK1.0\HW2\lib\os.a(OSRtc.o)
0x80436F58	0xA4	OSSetProgressiveMode	c:\BuildAgent\cm3-build22-NGC\CMBuild\src\target\external\ngc\DolphinSDK1.0\HW2\lib\os.a(OSRtc.o)
0x80436FFC	0x84	OSGetWirelessID	c:\BuildAgent\cm3-build22-NGC\CMBuild\src\target\external\ngc\DolphinSDK1.0\HW2\lib\os.a(OSRtc.o)
0x80437080	0xAC	OSSetWirelessID	c:\BuildAgent\cm3-build22-NGC\CMBuild\src\target\external\ngc\DolphinSDK1.0\HW2\lib\os.a(OSRtc.o)
0x8043712C	0x70	OSGetGbsMode	c:\BuildAgent\cm3-build22-NGC\CMBuild\src\target\external\ngc\DolphinSDK1.0\HW2\lib\os.a(OSRtc.o)
0x8043719C	0xB8	OSSetGbsMode	c:\BuildAgent\cm3-build22-NGC\CMBuild\src\target\external\ngc\DolphinSDK1.0\HW2\lib\os.a(OSRtc.o)
0x80437274	0x64	__OSInitSystemCall	__OSSystemCallVectorEnd
0x804372DC	0x158	__OSThreadInit	c:\BuildAgent\cm3-build22-NGC\CMBuild\src\target\external\ngc\DolphinSDK1.0\HW2\lib\os.a(OSThread.o)
0x80437450	0x34	OSIsThreadTerminated	c:\BuildAgent\cm3-build22-NGC\CMBuild\src\target\external\ngc\DolphinSDK1.0\HW2\lib\os.a(OSThread.o)
0x80437504	0x68	UnsetRun	c:\BuildAgent\cm3-build22-NGC\CMBuild\src\target\external\ngc\DolphinSDK1.0\HW2\lib\os.a(OSThread.o)
0x8043756C	0x3C	__OSGetEffectivePriority	c:\BuildAgent\cm3-build22-NGC\CMBuild\src\target\external\ngc\DolphinSDK1.0\HW2\lib\os.a(OSThread.o)
0x804375A8	0x1C0	SetEffectivePriority	c:\BuildAgent\cm3-build22-NGC\CMBuild\src\target\external\ngc\DolphinSDK1.0\HW2\lib\os.a(OSThread.o)
0x80437768	0x50	__OSPromoteThread	c:\BuildAgent\cm3-build22-NGC\CMBuild\src\target\external\ngc\DolphinSDK1.0\HW2\lib\os.a(OSThread.o)
0x804377B8	0x228	SelectThread	c:\BuildAgent\cm3-build22-NGC\CMBuild\src\target\external\ngc\DolphinSDK1.0\HW2\lib\os.a(OSThread.o)
0x804379E0	0x30	__OSReschedule	c:\BuildAgent\cm3-build22-NGC\CMBuild\src\target\external\ngc\DolphinSDK1.0\HW2\lib\os.a(OSThread.o)
0x80437A10	0x3C	OSYieldThread	c:\BuildAgent\cm3-build22-NGC\CMBuild\src\target\external\ngc\DolphinSDK1.0\HW2\lib\os.a(OSThread.o)
0x80437A4C	0x1E8	OSCreateThread	c:\BuildAgent\cm3-build22-NGC\CMBuild\src\target\external\ngc\DolphinSDK1.0\HW2\lib\os.a(OSThread.o)
0x80437C34	0xE4	OSExitThread	c:\BuildAgent\cm3-build22-NGC\CMBuild\src\target\external\ngc\DolphinSDK1.0\HW2\lib\os.a(OSThread.o)
0x80437D18	0x1BC	OSCancelThread	c:\BuildAgent\cm3-build22-NGC\CMBuild\src\target\external\ngc\DolphinSDK1.0\HW2\lib\os.a(OSThread.o)
0x80437ED4	0x288	OSResumeThread	c:\BuildAgent\cm3-build22-NGC\CMBuild\src\target\external\ngc\DolphinSDK1.0\HW2\lib\os.a(OSThread.o)
0x8043815C	0x170	OSSuspendThread	c:\BuildAgent\cm3-build22-NGC\CMBuild\src\target\external\ngc\DolphinSDK1.0\HW2\lib\os.a(OSThread.o)
0x804382CC	0xEC	OSSleepThread	c:\BuildAgent\cm3-build22-NGC\CMBuild\src\target\external\ngc\DolphinSDK1.0\HW2\lib\os.a(OSThread.o)
0x804383B8	0x104	OSWakeupThread	c:\BuildAgent\cm3-build22-NGC\CMBuild\src\target\external\ngc\DolphinSDK1.0\HW2\lib\os.a(OSThread.o)
0x804384BC	0xC0	OSSetThreadPriority	c:\BuildAgent\cm3-build22-NGC\CMBuild\src\target\external\ngc\DolphinSDK1.0\HW2\lib\os.a(OSThread.o)
0x8043857C	0xAC	OSClearStack	c:\BuildAgent\cm3-build22-NGC\CMBuild\src\target\external\ngc\DolphinSDK1.0\HW2\lib\os.a(OSThread.o)
0x80438648	0x64	__OSGetSystemTime	c:\BuildAgent\cm3-build22-NGC\CMBuild\src\target\external\ngc\DolphinSDK1.0\HW2\lib\os.a(OSTime.o)
0x804386AC	0x58	__OSTimeToSystemTime	c:\BuildAgent\cm3-build22-NGC\CMBuild\src\target\external\ngc\DolphinSDK1.0\HW2\lib\os.a(OSTime.o)
0x80438A2C	0x1A4	UpdateOrigin	c:\BuildAgent\cm3-build22-NGC\CMBuild\src\target\external\ngc\DolphinSDK1.0\HW2\lib\pad.a(Pad.o)
0x80438BD0	0xC4	PADOriginCallback	c:\BuildAgent\cm3-build22-NGC\CMBuild\src\target\external\ngc\DolphinSDK1.0\HW2\lib\pad.a(Pad.o)
0x80438C94	0xCC	PADOriginUpdateCallback	c:\BuildAgent\cm3-build22-NGC\CMBuild\src\target\external\ngc\DolphinSDK1.0\HW2\lib\pad.a(Pad.o)
0x80438D60	0xD8	PADProbeCallback	c:\BuildAgent\cm3-build22-NGC\CMBuild\src\target\external\ngc\DolphinSDK1.0\HW2\lib\pad.a(Pad.o)
0x80438E38	0x32C	PADTypeAndStatusCallback	c:\BuildAgent\cm3-build22-NGC\CMBuild\src\target\external\ngc\DolphinSDK1.0\HW2\lib\pad.a(Pad.o)
0x80439164	0x140	PADReceiveCheckCallback	c:\BuildAgent\cm3-build22-NGC\CMBuild\src\target\external\ngc\DolphinSDK1.0\HW2\lib\pad.a(Pad.o)
0x804392A4	0x110	PADReset	c:\BuildAgent\cm3-build22-NGC\CMBuild\src\target\external\ngc\DolphinSDK1.0\HW2\lib\pad.a(Pad.o)
0x804393B4	0x114	PADRecalibrate	c:\BuildAgent\cm3-build22-NGC\CMBuild\src\target\external\ngc\DolphinSDK1.0\HW2\lib\pad.a(Pad.o)
0x804394C8	0x150	PADInit	c:\BuildAgent\cm3-build22-NGC\CMBuild\src\target\external\ngc\DolphinSDK1.0\HW2\lib\pad.a(Pad.o)
0x80439618	0x300	PADRead	c:\BuildAgent\cm3-build22-NGC\CMBuild\src\target\external\ngc\DolphinSDK1.0\HW2\lib\pad.a(Pad.o)
0x80439918	0xB8	PADControlMotor	c:\BuildAgent\cm3-build22-NGC\CMBuild\src\target\external\ngc\DolphinSDK1.0\HW2\lib\pad.a(Pad.o)
0x804399D0	0x60	PADSetSpec	c:\BuildAgent\cm3-build22-NGC\CMBuild\src\target\external\ngc\DolphinSDK1.0\HW2\lib\pad.a(Pad.o)
0x80439A30	0x174	SPEC0_MakeStatus	c:\BuildAgent\cm3-build22-NGC\CMBuild\src\target\external\ngc\DolphinSDK1.0\HW2\lib\pad.a(Pad.o)
0x80439BA4	0x174	SPEC1_MakeStatus	c:\BuildAgent\cm3-build22-NGC\CMBuild\src\target\external\ngc\DolphinSDK1.0\HW2\lib\pad.a(Pad.o)
0x80439D18	0x470	SPEC2_MakeStatus	c:\BuildAgent\cm3-build22-NGC\CMBuild\src\target\external\ngc\DolphinSDK1.0\HW2\lib\pad.a(Pad.o)
0x8043A188	0xBC	OnReset	c:\BuildAgent\cm3-build22-NGC\CMBuild\src\target\external\ngc\DolphinSDK1.0\HW2\lib\pad.a(Pad.o)
0x8043A244	0x60	SamplingHandler	c:\BuildAgent\cm3-build22-NGC\CMBuild\src\target\external\ngc\DolphinSDK1.0\HW2\lib\pad.a(Pad.o)
0x8043A2A4	0x54	PADSetSamplingCallback	c:\BuildAgent\cm3-build22-NGC\CMBuild\src\target\external\ngc\DolphinSDK1.0\HW2\lib\pad.a(Pad.o)
0x8043A2F8	0x7C	__PADDisableRecalibration	c:\BuildAgent\cm3-build22-NGC\CMBuild\src\target\external\ngc\DolphinSDK1.0\HW2\lib\pad.a(Pad.o)
0x8043A394	0x3C	SIIsChanBusy	c:\BuildAgent\cm3-build22-NGC\CMBuild\src\target\external\ngc\DolphinSDK1.0\HW2\lib\si.a(SIBios.o)
0x8043A3D0	0x2FC	CompleteTransfer	c:\BuildAgent\cm3-build22-NGC\CMBuild\src\target\external\ngc\DolphinSDK1.0\HW2\lib\si.a(SIBios.o)
0x8043A6CC	0x344	SIInterruptHandler	c:\BuildAgent\cm3-build22-NGC\CMBuild\src\target\external\ngc\DolphinSDK1.0\HW2\lib\si.a(SIBios.o)
0x8043AA10	0x98	SIEnablePollingInterrupt	c:\BuildAgent\cm3-build22-NGC\CMBuild\src\target\external\ngc\DolphinSDK1.0\HW2\lib\si.a(SIBios.o)
0x8043AAA8	0xCC	SIRegisterPollingHandler	c:\BuildAgent\cm3-build22-NGC\CMBuild\src\target\external\ngc\DolphinSDK1.0\HW2\lib\si.a(SIBios.o)
0x8043AB74	0xF4	SIUnregisterPollingHandler	c:\BuildAgent\cm3-build22-NGC\CMBuild\src\target\external\ngc\DolphinSDK1.0\HW2\lib\si.a(SIBios.o)
0x8043AC68	0xB4	SIInit	c:\BuildAgent\cm3-build22-NGC\CMBuild\src\target\external\ngc\DolphinSDK1.0\HW2\lib\si.a(SIBios.o)
0x8043AD1C	0x20C	__SITransfer	c:\BuildAgent\cm3-build22-NGC\CMBuild\src\target\external\ngc\DolphinSDK1.0\HW2\lib\si.a(SIBios.o)
0x8043AF28	0x7C	SIGetStatus	c:\BuildAgent\cm3-build22-NGC\CMBuild\src\target\external\ngc\DolphinSDK1.0\HW2\lib\si.a(SIBios.o)
0x8043AFC8	0x6C	SISetXY	c:\BuildAgent\cm3-build22-NGC\CMBuild\src\target\external\ngc\DolphinSDK1.0\HW2\lib\si.a(SIBios.o)
0x8043B034	0x9C	SIEnablePolling	c:\BuildAgent\cm3-build22-NGC\CMBuild\src\target\external\ngc\DolphinSDK1.0\HW2\lib\si.a(SIBios.o)
0x8043B0D0	0x6C	SIDisablePolling	c:\BuildAgent\cm3-build22-NGC\CMBuild\src\target\external\ngc\DolphinSDK1.0\HW2\lib\si.a(SIBios.o)
0x8043B13C	0xD4	SIGetResponseRaw	c:\BuildAgent\cm3-build22-NGC\CMBuild\src\target\external\ngc\DolphinSDK1.0\HW2\lib\si.a(SIBios.o)
0x8043B210	0xC4	SIGetResponse	c:\BuildAgent\cm3-build22-NGC\CMBuild\src\target\external\ngc\DolphinSDK1.0\HW2\lib\si.a(SIBios.o)
0x8043B2D4	0x8C	AlarmHandler	c:\BuildAgent\cm3-build22-NGC\CMBuild\src\target\external\ngc\DolphinSDK1.0\HW2\lib\si.a(SIBios.o)
0x8043B360	0x16C	SITransfer	c:\BuildAgent\cm3-build22-NGC\CMBuild\src\target\external\ngc\DolphinSDK1.0\HW2\lib\si.a(SIBios.o)
0x8043B4CC	0x298	GetTypeCallback	c:\BuildAgent\cm3-build22-NGC\CMBuild\src\target\external\ngc\DolphinSDK1.0\HW2\lib\si.a(SIBios.o)
0x8043B764	0x1C4	SIGetType	c:\BuildAgent\cm3-build22-NGC\CMBuild\src\target\external\ngc\DolphinSDK1.0\HW2\lib\si.a(SIBios.o)
0x8043B928	0x13C	SIGetTypeAsync	c:\BuildAgent\cm3-build22-NGC\CMBuild\src\target\external\ngc\DolphinSDK1.0\HW2\lib\si.a(SIBios.o)
0x8043BA64	0xE4	SISetSamplingRate	c:\BuildAgent\cm3-build22-NGC\CMBuild\src\target\external\ngc\DolphinSDK1.0\HW2\lib\si.a(SISamplingRate.o)
0x8043BB6C	0x274	__VIRetraceHandler	c:\BuildAgent\cm3-build22-NGC\CMBuild\src\target\external\ngc\DolphinSDK1.0\HW2\lib\vi.a(vi.o)
0x8043BE24	0xA8	getTiming	c:\BuildAgent\cm3-build22-NGC\CMBuild\src\target\external\ngc\DolphinSDK1.0\HW2\lib\vi.a(vi.o)
0x8043BECC	0x204	__VIInit	c:\BuildAgent\cm3-build22-NGC\CMBuild\src\target\external\ngc\DolphinSDK1.0\HW2\lib\vi.a(vi.o)
0x8043C0D0	0x4B0	VIInit	c:\BuildAgent\cm3-build22-NGC\CMBuild\src\target\external\ngc\DolphinSDK1.0\HW2\lib\vi.a(vi.o)
0x8043C580	0x54	VIWaitForRetrace	c:\BuildAgent\cm3-build22-NGC\CMBuild\src\target\external\ngc\DolphinSDK1.0\HW2\lib\vi.a(vi.o)
0x8043C5D4	0x2D4	setFbbRegs	c:\BuildAgent\cm3-build22-NGC\CMBuild\src\target\external\ngc\DolphinSDK1.0\HW2\lib\vi.a(vi.o)
0x8043C8A8	0x1A0	setVerticalRegs	c:\BuildAgent\cm3-build22-NGC\CMBuild\src\target\external\ngc\DolphinSDK1.0\HW2\lib\vi.a(vi.o)
0x8043CA48	0x808	VIConfigure	c:\BuildAgent\cm3-build22-NGC\CMBuild\src\target\external\ngc\DolphinSDK1.0\HW2\lib\vi.a(vi.o)
0x8043D250	0x130	VIFlush	c:\BuildAgent\cm3-build22-NGC\CMBuild\src\target\external\ngc\DolphinSDK1.0\HW2\lib\vi.a(vi.o)
0x8043D3EC	0x7C	VISetBlack	c:\BuildAgent\cm3-build22-NGC\CMBuild\src\target\external\ngc\DolphinSDK1.0\HW2\lib\vi.a(vi.o)
0x8043D468	0x3C	GetCurrentDisplayPosition	c:\BuildAgent\cm3-build22-NGC\CMBuild\src\target\external\ngc\DolphinSDK1.0\HW2\lib\vi.a(vi.o)
0x8043D4A4	0x68	getCurrentFieldEvenOdd	c:\BuildAgent\cm3-build22-NGC\CMBuild\src\target\external\ngc\DolphinSDK1.0\HW2\lib\vi.a(vi.o)
0x8043D50C	0x9C	VIGetNextField	c:\BuildAgent\cm3-build22-NGC\CMBuild\src\target\external\ngc\DolphinSDK1.0\HW2\lib\vi.a(vi.o)
0x8043D5A8	0x98	VIGetCurrentLine	c:\BuildAgent\cm3-build22-NGC\CMBuild\src\target\external\ngc\DolphinSDK1.0\HW2\lib\vi.a(vi.o)
0x8043D640	0x68	VIGetTvFormat	c:\BuildAgent\cm3-build22-NGC\CMBuild\src\target\external\ngc\DolphinSDK1.0\HW2\lib\vi.a(vi.o)
0x8043D6A8	0x3C	VIGetDTVStatus	c:\BuildAgent\cm3-build22-NGC\CMBuild\src\target\external\ngc\DolphinSDK1.0\HW2\lib\vi.a(vi.o)
0x8043D6E4	0x21C	__VIDisplayPositionToXY	c:\BuildAgent\cm3-build22-NGC\CMBuild\src\target\external\ngc\DolphinSDK1.0\HW2\lib\vi.a(vi.o)
0x8043D900	0x60	__VIGetCurrentPosition	c:\BuildAgent\cm3-build22-NGC\CMBuild\src\target\external\ngc\DolphinSDK1.0\HW2\lib\vi.a(vi.o)
0x8043D960	0x9C	VMInit	c:\BuildAgent\cm3-build22-NGC\CMBuild\src\target\external\ngc\DolphinSDK1.0\HW2\lib\vm.a(VM.o)
0x8043DA1C	0x30	__VMAllocMRAMSwapSpace	c:\BuildAgent\cm3-build22-NGC\CMBuild\src\target\external\ngc\DolphinSDK1.0\HW2\lib\vm.a(VM.o)
0x8043DA4C	0x1FC	__VMSwapPageIn	c:\BuildAgent\cm3-build22-NGC\CMBuild\src\target\external\ngc\DolphinSDK1.0\HW2\lib\vm.a(VM.o)
0x8043DC48	0xB4	__VMSwapPageOut	c:\BuildAgent\cm3-build22-NGC\CMBuild\src\target\external\ngc\DolphinSDK1.0\HW2\lib\vm.a(VM.o)
0x8043DD24	0x44	__VMGetPageToReplace	c:\BuildAgent\cm3-build22-NGC\CMBuild\src\target\external\ngc\DolphinSDK1.0\HW2\lib\vm.a(VMPageReplacement.o)
0x8043DD68	0x1D0	__VMPageReplacementLRU	c:\BuildAgent\cm3-build22-NGC\CMBuild\src\target\external\ngc\DolphinSDK1.0\HW2\lib\vm.a(VMPageReplacement.o)
0x8043DF38	0x94	__VMPageReplacementRandom	c:\BuildAgent\cm3-build22-NGC\CMBuild\src\target\external\ngc\DolphinSDK1.0\HW2\lib\vm.a(VMPageReplacement.o)
0x8043DFCC	0x6C	__VMPageReplacementFIFO	c:\BuildAgent\cm3-build22-NGC\CMBuild\src\target\external\ngc\DolphinSDK1.0\HW2\lib\vm.a(VMPageReplacement.o)
0x8043E038	0x100	VMAlloc	c:\BuildAgent\cm3-build22-NGC\CMBuild\src\target\external\ngc\DolphinSDK1.0\HW2\lib\vm.a(VMMapping.o)
0x8043E138	0x40	__VMTranslateVMPageToARAMPage	c:\BuildAgent\cm3-build22-NGC\CMBuild\src\target\external\ngc\DolphinSDK1.0\HW2\lib\vm.a(VMMapping.o)
0x8043E198	0x38	__VMMappingErrorAlert	c:\BuildAgent\cm3-build22-NGC\CMBuild\src\target\external\ngc\DolphinSDK1.0\HW2\lib\vm.a(VMMapping.o)
0x8043E1FC	0xA8	__VMAllocVirtualToARAMLUT	c:\BuildAgent\cm3-build22-NGC\CMBuild\src\target\external\ngc\DolphinSDK1.0\HW2\lib\vm.a(VMMapping.o)
0x8043E2A4	0xA0	__VMAllocARAMToVirtualLUT	c:\BuildAgent\cm3-build22-NGC\CMBuild\src\target\external\ngc\DolphinSDK1.0\HW2\lib\vm.a(VMMapping.o)
0x8043E34C	0x260	DBWrite	c:\BuildAgent\cm3-build22-NGC\CMBuild\src\target\external\ngc\NPDP\GDEV\lib\odemuexi2.a(D:\Dolphin\src\OdemuExi2Lib\DebuggerDriver.o)
0x8043E5AC	0x8C	DBRead	c:\BuildAgent\cm3-build22-NGC\CMBuild\src\target\external\ngc\NPDP\GDEV\lib\odemuexi2.a(D:\Dolphin\src\OdemuExi2Lib\DebuggerDriver.o)
0x8043E638	0x9C	DBQueryData	c:\BuildAgent\cm3-build22-NGC\CMBuild\src\target\external\ngc\NPDP\GDEV\lib\odemuexi2.a(D:\Dolphin\src\OdemuExi2Lib\DebuggerDriver.o)
0x8043E6D4	0x54	DBInitInterrupts	c:\BuildAgent\cm3-build22-NGC\CMBuild\src\target\external\ngc\NPDP\GDEV\lib\odemuexi2.a(D:\Dolphin\src\OdemuExi2Lib\DebuggerDriver.o)
0x8043E728	0x78	DBInitComm	c:\BuildAgent\cm3-build22-NGC\CMBuild\src\target\external\ngc\NPDP\GDEV\lib\odemuexi2.a(D:\Dolphin\src\OdemuExi2Lib\DebuggerDriver.o)
0x8043E7A0	0x40	DBGHandler	c:\BuildAgent\cm3-build22-NGC\CMBuild\src\target\external\ngc\NPDP\GDEV\lib\odemuexi2.a(D:\Dolphin\src\OdemuExi2Lib\DebuggerDriver.o)
0x8043E7E0	0x3C	MWCallback	c:\BuildAgent\cm3-build22-NGC\CMBuild\src\target\external\ngc\NPDP\GDEV\lib\odemuexi2.a(D:\Dolphin\src\OdemuExi2Lib\DebuggerDriver.o)
0x8043E8C8	0xDC	DBGWrite	c:\BuildAgent\cm3-build22-NGC\CMBuild\src\target\external\ngc\NPDP\GDEV\lib\odemuexi2.a(D:\Dolphin\src\OdemuExi2Lib\DebuggerDriver.o)
0x8043E9A4	0xDC	DBGRead	c:\BuildAgent\cm3-build22-NGC\CMBuild\src\target\external\ngc\NPDP\GDEV\lib\odemuexi2.a(D:\Dolphin\src\OdemuExi2Lib\DebuggerDriver.o)
0x8043EB2C	0x298	DBGEXIImm	c:\BuildAgent\cm3-build22-NGC\CMBuild\src\target\external\ngc\NPDP\GDEV\lib\odemuexi2.a(D:\Dolphin\src\OdemuExi2Lib\DebuggerDriver.o)
0x8043EDC4	0x5C	__sn_serialp	C:\Program Files\SN Systems\ngc\lib\libsn.a(dummy.o)
0x8043EE20	0x50	_write	C:\Program Files\SN Systems\ngc\lib\libsn.a(dummy.o)
0x8043EF00	0xA4	open	C:\Program Files\SN Systems\ngc\lib\libsn.a(dummy.o)
0x8043EFC0	0x4C	_savegpr_14	C:\Program Files\SN Systems\ngc\lib\libgcc.a(eabi.o)
0x8043F00C	0x4C	_restgpr_14	C:\Program Files\SN Systems\ngc\lib\libgcc.a(eabi.o)
0x8043F058	0xCC	VMBASEInit	c:\BuildAgent\cm3-build22-NGC\CMBuild\src\target\external\ngc\DolphinSDK1.0\HW2\lib\vmbase.a(VMBase.o)
0x8043F124	0x94	VMBASESetPageTableEntry	c:\BuildAgent\cm3-build22-NGC\CMBuild\src\target\external\ngc\DolphinSDK1.0\HW2\lib\vmbase.a(VMBase.o)
0x8043F1B8	0x8C	VMBASEClearPageTableEntry	c:\BuildAgent\cm3-build22-NGC\CMBuild\src\target\external\ngc\DolphinSDK1.0\HW2\lib\vmbase.a(VMBase.o)
0x8043F2BC	0x90	VMBASESetPageReferenced	c:\BuildAgent\cm3-build22-NGC\CMBuild\src\target\external\ngc\DolphinSDK1.0\HW2\lib\vmbase.a(VMBase.o)
0x8043F3E4	0x3C	__VMBASEInitPageTable	c:\BuildAgent\cm3-build22-NGC\CMBuild\src\target\external\ngc\DolphinSDK1.0\HW2\lib\vmbase.a(VMBase.o)
0x8043F480	0x158	__VMBASEInvalidatePageTable	c:\BuildAgent\cm3-build22-NGC\CMBuild\src\target\external\ngc\DolphinSDK1.0\HW2\lib\vmbase.a(VMBase.o)
0x8043F5D8	0xD8	__VMBASEInvalidateLockedPageTable	c:\BuildAgent\cm3-build22-NGC\CMBuild\src\target\external\ngc\DolphinSDK1.0\HW2\lib\vmbase.a(VMBase.o)
0x8043F6B0	0x78	__VMBASEInvalidateReversePageTable	c:\BuildAgent\cm3-build22-NGC\CMBuild\src\target\external\ngc\DolphinSDK1.0\HW2\lib\vmbase.a(VMBase.o)
0x8043F728	0xAC	VMBASEStoreAllPages	c:\BuildAgent\cm3-build22-NGC\CMBuild\src\target\external\ngc\DolphinSDK1.0\HW2\lib\vmbase.a(VMBase.o)
0x8043F808	0x58	__VMBASEInvalidateEntireTLB	c:\BuildAgent\cm3-build22-NGC\CMBuild\src\target\external\ngc\DolphinSDK1.0\HW2\lib\vmbase.a(VMBase.o)
0x8043F860	0x54	__VMBASESetupVMRegisters	c:\BuildAgent\cm3-build22-NGC\CMBuild\src\target\external\ngc\DolphinSDK1.0\HW2\lib\vmbase.a(VMBase.o)
0x8043F8FC	0x17C	__VMBASESetupExceptionHandlers	c:\BuildAgent\cm3-build22-NGC\CMBuild\src\target\external\ngc\DolphinSDK1.0\HW2\lib\vmbase.a(VMBase.o)
0x8043FBBC	0x64	__VMBASEDSIServiceException	__VMBASEISIExceptionHandler_SetBranchBack
0x8043FD60	0x58	__VMBASEISIServiceException	__VMBASEISIExceptionHandler_SetBranchBack
0x80478064	0x38	EThread::ThreadEntryPoint(void *)	c:\BuildAgent\cm3-build22-NGC\CMBuild\output\lib\base_ngc_release_dvd.lib(e_ngcthread.obj)
0x804DE9EC	0x38	RangedRandInt(unsigned int)	c:\BuildAgent\cm3-build22-NGC\CMBuild\output\obj\u2_ngc_release_dvd\srand.obj
0x80514DB0	0x48	EWindow::SetRect(TRect<float> &)	c:\BuildAgent\cm3-build22-NGC\CMBuild\output\lib\engine_ngc_release_dvd.lib(e_window.obj)
0x80542F88	0x38	EResLoaderMsgQueue::EResLoaderMsgQueue(void)	c:\BuildAgent\cm3-build22-NGC\CMBuild\output\lib\engine_ngc_release_dvd.lib(e_resloader.obj)
0x80555E6C	0x44	StaticConvertTabToCategory(int)	c:\BuildAgent\cm3-build22-NGC\CMBuild\output\obj\u2_ngc_release_dvd\targets_tsc3.obj
0x805943A0	0x78	EController::~EController(void)	c:\BuildAgent\cm3-build22-NGC\CMBuild\output\lib\engine_ngc_release_dvd.lib(e_ctrl.obj)
