"archive"	"archive_sha1"	"member"	"member_sha1"	"debug_offset"	"debug_tag"	"kind"	"name"	"owner"	"byte_size"	"member_offset"	"type_reference"
"libmatd.a"	"91b461b8382ab3309cbf5b6687f95622a02edaa2"	"InstanceCrowd.o"	"701409112e42a34a49a7c3bfa2cffee5e8ce3c20"	"0xE12D"	"0x13"	"type"	"Transform"	""	"0x40"	""	""
"libmatd.a"	"91b461b8382ab3309cbf5b6687f95622a02edaa2"	"InstanceCrowd.o"	"701409112e42a34a49a7c3bfa2cffee5e8ce3c20"	"0xE14B"	"0xD"	"member"	"m"	"Transform"	""	"0x0"	"user:0xE4A3:MATRIX4"
"libmatd.a"	"91b461b8382ab3309cbf5b6687f95622a02edaa2"	"InstanceCrowd.o"	"701409112e42a34a49a7c3bfa2cffee5e8ce3c20"	"0xE87F"	"0x13"	"type"	"ViewPort"	""	"0x1AC"	""	""
"libmatd.a"	"91b461b8382ab3309cbf5b6687f95622a02edaa2"	"InstanceCrowd.o"	"701409112e42a34a49a7c3bfa2cffee5e8ce3c20"	"0xE9F9"	"0xD"	"member"	"EXTENSION_OBJ"	"ViewPort"	""	"0x0"	"user:0xEE96:ViewPortExtension"
"libmatd.a"	"91b461b8382ab3309cbf5b6687f95622a02edaa2"	"InstanceCrowd.o"	"701409112e42a34a49a7c3bfa2cffee5e8ce3c20"	"0xEA60"	"0xD"	"member"	"mNextInStack"	"ViewPort"	""	"0x4"	"modified_user:010000e87f"
"libmatd.a"	"91b461b8382ab3309cbf5b6687f95622a02edaa2"	"InstanceCrowd.o"	"701409112e42a34a49a7c3bfa2cffee5e8ce3c20"	"0xEA94"	"0xD"	"member"	"mflag_automatic_bounding_sphere_check"	"ViewPort"	""	"0x8"	"fundamental:0x7"
"libmatd.a"	"91b461b8382ab3309cbf5b6687f95622a02edaa2"	"InstanceCrowd.o"	"701409112e42a34a49a7c3bfa2cffee5e8ce3c20"	"0xEADC"	"0xD"	"member"	"mPrivate"	"ViewPort"	""	"0xC"	"user:0xEFCF:ViewPortPrivate"
"libmatd.a"	"91b461b8382ab3309cbf5b6687f95622a02edaa2"	"InstanceCrowd.o"	"701409112e42a34a49a7c3bfa2cffee5e8ce3c20"	"0xEE96"	"0x13"	"type"	"ViewPortExtension"	""	"0x4"	""	""
"libmatd.a"	"91b461b8382ab3309cbf5b6687f95622a02edaa2"	"InstanceCrowd.o"	"701409112e42a34a49a7c3bfa2cffee5e8ce3c20"	"0xEEF1"	"0xD"	"member"	"mpBaseObject"	"ViewPortExtension"	""	"0x0"	"modified_user:010000e87f"
"libmatd.a"	"91b461b8382ab3309cbf5b6687f95622a02edaa2"	"InstanceCrowd.o"	"701409112e42a34a49a7c3bfa2cffee5e8ce3c20"	"0xEFCF"	"0x13"	"type"	"ViewPortPrivate"	""	"0x1A0"	""	""
"libmatd.a"	"91b461b8382ab3309cbf5b6687f95622a02edaa2"	"InstanceCrowd.o"	"701409112e42a34a49a7c3bfa2cffee5e8ce3c20"	"0xEFF3"	"0xD"	"member"	"mpRenderContext"	"ViewPortPrivate"	""	"0x0"	"modified_user:0100006c66"
"libmatd.a"	"91b461b8382ab3309cbf5b6687f95622a02edaa2"	"InstanceCrowd.o"	"701409112e42a34a49a7c3bfa2cffee5e8ce3c20"	"0xF02A"	"0xD"	"member"	"mProjectionType"	"ViewPortPrivate"	""	"0x4"	"user:0xF419:ProjectionType"
"libmatd.a"	"91b461b8382ab3309cbf5b6687f95622a02edaa2"	"InstanceCrowd.o"	"701409112e42a34a49a7c3bfa2cffee5e8ce3c20"	"0xF05E"	"0xD"	"member"	"mBackgroundColour"	"ViewPortPrivate"	""	"0x8"	"user:0x2C93:Colour"
"libmatd.a"	"91b461b8382ab3309cbf5b6687f95622a02edaa2"	"InstanceCrowd.o"	"701409112e42a34a49a7c3bfa2cffee5e8ce3c20"	"0xF0C5"	"0xD"	"member"	"mProjectionMatrix"	"ViewPortPrivate"	""	"0xC"	"user:0xE4A3:MATRIX4"
"libmatd.a"	"91b461b8382ab3309cbf5b6687f95622a02edaa2"	"InstanceCrowd.o"	"701409112e42a34a49a7c3bfa2cffee5e8ce3c20"	"0xF0FB"	"0xD"	"member"	"mViewMatrix"	"ViewPortPrivate"	""	"0x4C"	"user:0xE4A3:MATRIX4"
"libmatd.a"	"91b461b8382ab3309cbf5b6687f95622a02edaa2"	"InstanceCrowd.o"	"701409112e42a34a49a7c3bfa2cffee5e8ce3c20"	"0xF12B"	"0xD"	"member"	"mViewProjectionMatrix"	"ViewPortPrivate"	""	"0x8C"	"user:0xE4A3:MATRIX4"
"libmatd.a"	"91b461b8382ab3309cbf5b6687f95622a02edaa2"	"InstanceCrowd.o"	"701409112e42a34a49a7c3bfa2cffee5e8ce3c20"	"0xF165"	"0xD"	"member"	"mGeometry"	"ViewPortPrivate"	""	"0xCC"	"user:0xF463:VPGeometry"
"libmatd.a"	"91b461b8382ab3309cbf5b6687f95622a02edaa2"	"InstanceCrowd.o"	"701409112e42a34a49a7c3bfa2cffee5e8ce3c20"	"0xF193"	"0xD"	"member"	"mFrustum"	"ViewPortPrivate"	""	"0xE4"	"user:0xF580:VPFrustum"
"libmatd.a"	"91b461b8382ab3309cbf5b6687f95622a02edaa2"	"InstanceCrowd.o"	"701409112e42a34a49a7c3bfa2cffee5e8ce3c20"	"0xF1C0"	"0xD"	"member"	"mClipData"	"ViewPortPrivate"	""	"0xF4"	"user:0xF64C:VPClipData"
"libmatd.a"	"91b461b8382ab3309cbf5b6687f95622a02edaa2"	"InstanceCrowd.o"	"701409112e42a34a49a7c3bfa2cffee5e8ce3c20"	"0xF1EE"	"0xD"	"member"	"mCullData"	"ViewPortPrivate"	""	"0x10C"	"user:0xF76B:VPCullData"
"libmatd.a"	"91b461b8382ab3309cbf5b6687f95622a02edaa2"	"InstanceCrowd.o"	"701409112e42a34a49a7c3bfa2cffee5e8ce3c20"	"0xF21C"	"0xD"	"member"	"mClipOriginX"	"ViewPortPrivate"	""	"0x13C"	"fundamental:0x9"
"libmatd.a"	"91b461b8382ab3309cbf5b6687f95622a02edaa2"	"InstanceCrowd.o"	"701409112e42a34a49a7c3bfa2cffee5e8ce3c20"	"0xF24B"	"0xD"	"member"	"mClipOriginY"	"ViewPortPrivate"	""	"0x140"	"fundamental:0x9"
"libmatd.a"	"91b461b8382ab3309cbf5b6687f95622a02edaa2"	"InstanceCrowd.o"	"701409112e42a34a49a7c3bfa2cffee5e8ce3c20"	"0xF27A"	"0xD"	"member"	"mClipWidth"	"ViewPortPrivate"	""	"0x144"	"fundamental:0x9"
"libmatd.a"	"91b461b8382ab3309cbf5b6687f95622a02edaa2"	"InstanceCrowd.o"	"701409112e42a34a49a7c3bfa2cffee5e8ce3c20"	"0xF2A7"	"0xD"	"member"	"mClipHeight"	"ViewPortPrivate"	""	"0x148"	"fundamental:0x9"
"libmatd.a"	"91b461b8382ab3309cbf5b6687f95622a02edaa2"	"InstanceCrowd.o"	"701409112e42a34a49a7c3bfa2cffee5e8ce3c20"	"0xF2D5"	"0xD"	"member"	"mProjection"	"ViewPortPrivate"	""	"0x14C"	"user:0xE550"
"libmatd.a"	"91b461b8382ab3309cbf5b6687f95622a02edaa2"	"InstanceCrowd.o"	"701409112e42a34a49a7c3bfa2cffee5e8ce3c20"	"0xF305"	"0xD"	"member"	"mAmActive"	"ViewPortPrivate"	""	"0x18C"	"fundamental:0x15"
"libmatd.a"	"91b461b8382ab3309cbf5b6687f95622a02edaa2"	"InstanceCrowd.o"	"701409112e42a34a49a7c3bfa2cffee5e8ce3c20"	"0xF331"	"0xD"	"member"	"mFullScreen"	"ViewPortPrivate"	""	"0x190"	"fundamental:0x15"
"libmatd.a"	"91b461b8382ab3309cbf5b6687f95622a02edaa2"	"InstanceCrowd.o"	"701409112e42a34a49a7c3bfa2cffee5e8ce3c20"	"0xF35F"	"0xD"	"member"	"mUseForFontDraws"	"ViewPortPrivate"	""	"0x194"	"fundamental:0x15"
"libmatd.a"	"91b461b8382ab3309cbf5b6687f95622a02edaa2"	"InstanceCrowd.o"	"701409112e42a34a49a7c3bfa2cffee5e8ce3c20"	"0xF392"	"0xD"	"member"	"mNextVP"	"ViewPortPrivate"	""	"0x198"	"modified_user:010000e87f"
"libmatd.a"	"91b461b8382ab3309cbf5b6687f95622a02edaa2"	"InstanceCrowd.o"	"701409112e42a34a49a7c3bfa2cffee5e8ce3c20"	"0xF3C1"	"0xD"	"member"	"mpBaseObject"	"ViewPortPrivate"	""	"0x19C"	"modified_user:010000e87f"
"libmatd.a"	"91b461b8382ab3309cbf5b6687f95622a02edaa2"	"InstanceCrowd.o"	"701409112e42a34a49a7c3bfa2cffee5e8ce3c20"	"0xF419"	"0x4"	"type"	"ProjectionType"	""	"0x4"	""	""
"libmatd.a"	"91b461b8382ab3309cbf5b6687f95622a02edaa2"	"InstanceCrowd.o"	"701409112e42a34a49a7c3bfa2cffee5e8ce3c20"	"0xF463"	"0x13"	"type"	"VPGeometry"	""	"0x18"	""	""
"libmatd.a"	"91b461b8382ab3309cbf5b6687f95622a02edaa2"	"InstanceCrowd.o"	"701409112e42a34a49a7c3bfa2cffee5e8ce3c20"	"0xF482"	"0xD"	"member"	"mOriginX"	"VPGeometry"	""	"0x0"	"fundamental:0xE"
"libmatd.a"	"91b461b8382ab3309cbf5b6687f95622a02edaa2"	"InstanceCrowd.o"	"701409112e42a34a49a7c3bfa2cffee5e8ce3c20"	"0xF4AD"	"0xD"	"member"	"mOriginY"	"VPGeometry"	""	"0x4"	"fundamental:0xE"
"libmatd.a"	"91b461b8382ab3309cbf5b6687f95622a02edaa2"	"InstanceCrowd.o"	"701409112e42a34a49a7c3bfa2cffee5e8ce3c20"	"0xF4D8"	"0xD"	"member"	"mWidth"	"VPGeometry"	""	"0x8"	"fundamental:0xE"
"libmatd.a"	"91b461b8382ab3309cbf5b6687f95622a02edaa2"	"InstanceCrowd.o"	"701409112e42a34a49a7c3bfa2cffee5e8ce3c20"	"0xF501"	"0xD"	"member"	"mHeight"	"VPGeometry"	""	"0xC"	"fundamental:0xE"
"libmatd.a"	"91b461b8382ab3309cbf5b6687f95622a02edaa2"	"InstanceCrowd.o"	"701409112e42a34a49a7c3bfa2cffee5e8ce3c20"	"0xF52B"	"0xD"	"member"	"mNearZ"	"VPGeometry"	""	"0x10"	"fundamental:0xE"
"libmatd.a"	"91b461b8382ab3309cbf5b6687f95622a02edaa2"	"InstanceCrowd.o"	"701409112e42a34a49a7c3bfa2cffee5e8ce3c20"	"0xF554"	"0xD"	"member"	"mFarZ"	"VPGeometry"	""	"0x14"	"fundamental:0xE"
"libmatd.a"	"91b461b8382ab3309cbf5b6687f95622a02edaa2"	"InstanceCrowd.o"	"701409112e42a34a49a7c3bfa2cffee5e8ce3c20"	"0xF580"	"0x13"	"type"	"VPFrustum"	""	"0x10"	""	""
"libmatd.a"	"91b461b8382ab3309cbf5b6687f95622a02edaa2"	"InstanceCrowd.o"	"701409112e42a34a49a7c3bfa2cffee5e8ce3c20"	"0xF59E"	"0xD"	"member"	"mFOV"	"VPFrustum"	""	"0x0"	"fundamental:0xE"
"libmatd.a"	"91b461b8382ab3309cbf5b6687f95622a02edaa2"	"InstanceCrowd.o"	"701409112e42a34a49a7c3bfa2cffee5e8ce3c20"	"0xF5C5"	"0xD"	"member"	"mAspect"	"VPFrustum"	""	"0x4"	"fundamental:0xE"
"libmatd.a"	"91b461b8382ab3309cbf5b6687f95622a02edaa2"	"InstanceCrowd.o"	"701409112e42a34a49a7c3bfa2cffee5e8ce3c20"	"0xF5EF"	"0xD"	"member"	"mNearPlane"	"VPFrustum"	""	"0x8"	"fundamental:0xE"
"libmatd.a"	"91b461b8382ab3309cbf5b6687f95622a02edaa2"	"InstanceCrowd.o"	"701409112e42a34a49a7c3bfa2cffee5e8ce3c20"	"0xF61C"	"0xD"	"member"	"mFarPlane"	"VPFrustum"	""	"0xC"	"fundamental:0xE"
"libmatd.a"	"91b461b8382ab3309cbf5b6687f95622a02edaa2"	"InstanceCrowd.o"	"701409112e42a34a49a7c3bfa2cffee5e8ce3c20"	"0xF64C"	"0x13"	"type"	"VPClipData"	""	"0x18"	""	""
"libmatd.a"	"91b461b8382ab3309cbf5b6687f95622a02edaa2"	"InstanceCrowd.o"	"701409112e42a34a49a7c3bfa2cffee5e8ce3c20"	"0xF66B"	"0xD"	"member"	"mScaleX"	"VPClipData"	""	"0x0"	"fundamental:0xE"
"libmatd.a"	"91b461b8382ab3309cbf5b6687f95622a02edaa2"	"InstanceCrowd.o"	"701409112e42a34a49a7c3bfa2cffee5e8ce3c20"	"0xF695"	"0xD"	"member"	"mScaleY"	"VPClipData"	""	"0x4"	"fundamental:0xE"
"libmatd.a"	"91b461b8382ab3309cbf5b6687f95622a02edaa2"	"InstanceCrowd.o"	"701409112e42a34a49a7c3bfa2cffee5e8ce3c20"	"0xF6BF"	"0xD"	"member"	"mShearX"	"VPClipData"	""	"0x8"	"fundamental:0xE"
"libmatd.a"	"91b461b8382ab3309cbf5b6687f95622a02edaa2"	"InstanceCrowd.o"	"701409112e42a34a49a7c3bfa2cffee5e8ce3c20"	"0xF6E9"	"0xD"	"member"	"mShearY"	"VPClipData"	""	"0xC"	"fundamental:0xE"
"libmatd.a"	"91b461b8382ab3309cbf5b6687f95622a02edaa2"	"InstanceCrowd.o"	"701409112e42a34a49a7c3bfa2cffee5e8ce3c20"	"0xF713"	"0xD"	"member"	"mTransX"	"VPClipData"	""	"0x10"	"fundamental:0xE"
"libmatd.a"	"91b461b8382ab3309cbf5b6687f95622a02edaa2"	"InstanceCrowd.o"	"701409112e42a34a49a7c3bfa2cffee5e8ce3c20"	"0xF73D"	"0xD"	"member"	"mTransY"	"VPClipData"	""	"0x14"	"fundamental:0xE"
"libmatd.a"	"91b461b8382ab3309cbf5b6687f95622a02edaa2"	"InstanceCrowd.o"	"701409112e42a34a49a7c3bfa2cffee5e8ce3c20"	"0xF76B"	"0x13"	"type"	"VPCullData"	""	"0x30"	""	""
"libmatd.a"	"91b461b8382ab3309cbf5b6687f95622a02edaa2"	"InstanceCrowd.o"	"701409112e42a34a49a7c3bfa2cffee5e8ce3c20"	"0xF78A"	"0xD"	"member"	"mLeftTan"	"VPCullData"	""	"0x0"	"fundamental:0xE"
"libmatd.a"	"91b461b8382ab3309cbf5b6687f95622a02edaa2"	"InstanceCrowd.o"	"701409112e42a34a49a7c3bfa2cffee5e8ce3c20"	"0xF7B5"	"0xD"	"member"	"mLeftSin"	"VPCullData"	""	"0x4"	"fundamental:0xE"
"libmatd.a"	"91b461b8382ab3309cbf5b6687f95622a02edaa2"	"InstanceCrowd.o"	"701409112e42a34a49a7c3bfa2cffee5e8ce3c20"	"0xF7E0"	"0xD"	"member"	"mRightTan"	"VPCullData"	""	"0x8"	"fundamental:0xE"
"libmatd.a"	"91b461b8382ab3309cbf5b6687f95622a02edaa2"	"InstanceCrowd.o"	"701409112e42a34a49a7c3bfa2cffee5e8ce3c20"	"0xF80C"	"0xD"	"member"	"mRightSin"	"VPCullData"	""	"0xC"	"fundamental:0xE"
"libmatd.a"	"91b461b8382ab3309cbf5b6687f95622a02edaa2"	"InstanceCrowd.o"	"701409112e42a34a49a7c3bfa2cffee5e8ce3c20"	"0xF838"	"0xD"	"member"	"mTopTan"	"VPCullData"	""	"0x10"	"fundamental:0xE"
"libmatd.a"	"91b461b8382ab3309cbf5b6687f95622a02edaa2"	"InstanceCrowd.o"	"701409112e42a34a49a7c3bfa2cffee5e8ce3c20"	"0xF862"	"0xD"	"member"	"mTopSin"	"VPCullData"	""	"0x14"	"fundamental:0xE"
"libmatd.a"	"91b461b8382ab3309cbf5b6687f95622a02edaa2"	"InstanceCrowd.o"	"701409112e42a34a49a7c3bfa2cffee5e8ce3c20"	"0xF88C"	"0xD"	"member"	"mBottomTan"	"VPCullData"	""	"0x18"	"fundamental:0xE"
"libmatd.a"	"91b461b8382ab3309cbf5b6687f95622a02edaa2"	"InstanceCrowd.o"	"701409112e42a34a49a7c3bfa2cffee5e8ce3c20"	"0xF8B9"	"0xD"	"member"	"mBottomSin"	"VPCullData"	""	"0x1C"	"fundamental:0xE"
"libmatd.a"	"91b461b8382ab3309cbf5b6687f95622a02edaa2"	"InstanceCrowd.o"	"701409112e42a34a49a7c3bfa2cffee5e8ce3c20"	"0xF8E6"	"0xD"	"member"	"mLeftScale"	"VPCullData"	""	"0x20"	"fundamental:0xE"
"libmatd.a"	"91b461b8382ab3309cbf5b6687f95622a02edaa2"	"InstanceCrowd.o"	"701409112e42a34a49a7c3bfa2cffee5e8ce3c20"	"0xF913"	"0xD"	"member"	"mRightScale"	"VPCullData"	""	"0x24"	"fundamental:0xE"
"libmatd.a"	"91b461b8382ab3309cbf5b6687f95622a02edaa2"	"InstanceCrowd.o"	"701409112e42a34a49a7c3bfa2cffee5e8ce3c20"	"0xF941"	"0xD"	"member"	"mTopScale"	"VPCullData"	""	"0x28"	"fundamental:0xE"
"libmatd.a"	"91b461b8382ab3309cbf5b6687f95622a02edaa2"	"InstanceCrowd.o"	"701409112e42a34a49a7c3bfa2cffee5e8ce3c20"	"0xF96D"	"0xD"	"member"	"mBottomScale"	"VPCullData"	""	"0x2C"	"fundamental:0xE"
