unit	upstream	commit	upstream_path	based_on	names	evidence
dolphin/base/PPCArch.c	emoose/re4	feb6805b	src/lib/PPCArch.c	doldecomp/dolsdk2004	T1: Nintendo SDK symbol names (upstream)	23 kept functions match the DOL byte for byte with relocations masked (tools/research/libmatch.py); main.dol OK
dolphin/ar/arq.c	emoose/re4	feb6805b	src/lib/arq.c	doldecomp/dolsdk2004	T1: Nintendo SDK symbol names (upstream)	6 kept functions match the DOL byte for byte with relocations masked (tools/research/libmatch.py); main.dol OK
dolphin/ax/AX.c	emoose/re4	feb6805b	src/lib/AX.c	doldecomp/dolsdk2004	T1: Nintendo SDK symbol names (upstream)	3 kept functions match the DOL byte for byte with relocations masked (tools/research/libmatch.py); main.dol OK
dolphin/ax/AXAlloc.c	emoose/re4	feb6805b	src/lib/AXAlloc.c	doldecomp/dolsdk2004	T1: Nintendo SDK symbol names (upstream)	10 kept functions match the DOL byte for byte with relocations masked (tools/research/libmatch.py); main.dol OK
dolphin/ax/AXAux.c	emoose/re4	feb6805b	src/lib/AXAux.c	doldecomp/dolsdk2004	T1: Nintendo SDK symbol names (upstream)	14 kept functions match the DOL byte for byte with relocations masked (tools/research/libmatch.py); main.dol OK
dolphin/ax/AXCL.c	emoose/re4	feb6805b	src/lib/AXCL.c	doldecomp/dolsdk2004	T1: Nintendo SDK symbol names (upstream)	7 kept functions match the DOL byte for byte with relocations masked (tools/research/libmatch.py); main.dol OK
dolphin/ax/AXOut.c	emoose/re4	feb6805b	src/lib/AXOut.c	doldecomp/dolsdk2004	T1: Nintendo SDK symbol names (upstream)	8 kept functions match the DOL byte for byte with relocations masked (tools/research/libmatch.py); main.dol OK
dolphin/ax/AXSPB.c	emoose/re4	feb6805b	src/lib/AXSPB.c	doldecomp/dolsdk2004	T1: Nintendo SDK symbol names (upstream)	5 kept functions match the DOL byte for byte with relocations masked (tools/research/libmatch.py); main.dol OK
dolphin/ax/AXVPB.c	emoose/re4	feb6805b	src/lib/AXVPB.c	doldecomp/dolsdk2004	T1: Nintendo SDK symbol names (upstream)	13 kept functions match the DOL byte for byte with relocations masked (tools/research/libmatch.py); main.dol OK
dolphin/ax/AXProf.c	emoose/re4	feb6805b	src/lib/AXProf.c	doldecomp/dolsdk2004	T1: Nintendo SDK symbol names (upstream)	1 kept functions match the DOL byte for byte with relocations masked (tools/research/libmatch.py); main.dol OK
dolphin/ax/AXComp.c	emoose/re4	feb6805b	src/lib/AXComp.c	doldecomp/dolsdk2004	T1: Nintendo SDK symbol names (upstream)	0 kept functions match the DOL byte for byte with relocations masked (tools/research/libmatch.py); main.dol OK
dolphin/card/CARDBios.c	emoose/re4	feb6805b	src/lib/CARDBios.c	doldecomp/dolsdk2004	T1: Nintendo SDK symbol names (upstream)	28 kept functions match the DOL byte for byte with relocations masked (tools/research/libmatch.py); main.dol OK
dolphin/card/CARDBlock.c	emoose/re4	feb6805b	src/lib/CARDBlock.c	doldecomp/dolsdk2004	T1: Nintendo SDK symbol names (upstream)	6 kept functions match the DOL byte for byte with relocations masked (tools/research/libmatch.py); main.dol OK
dolphin/card/CARDDir.c	emoose/re4	feb6805b	src/lib/CARDDir.c	doldecomp/dolsdk2004	T1: Nintendo SDK symbol names (upstream)	4 kept functions match the DOL byte for byte with relocations masked (tools/research/libmatch.py); main.dol OK
dolphin/card/CARDCheck.c	emoose/re4	feb6805b	src/lib/CARDCheck.c	doldecomp/dolsdk2004	T1: Nintendo SDK symbol names (upstream)	7 kept functions match the DOL byte for byte with relocations masked (tools/research/libmatch.py); main.dol OK
dolphin/card/CARDMount.c	emoose/re4	feb6805b	src/lib/CARDMount.c	doldecomp/dolsdk2004	T1: Nintendo SDK symbol names (upstream)	8 kept functions match the DOL byte for byte with relocations masked (tools/research/libmatch.py); main.dol OK
dolphin/card/CARDFormat.c	emoose/re4	feb6805b	src/lib/CARDFormat.c	doldecomp/dolsdk2004	T1: Nintendo SDK symbol names (upstream)	3 kept functions match the DOL byte for byte with relocations masked (tools/research/libmatch.py); main.dol OK
dolphin/card/CARDOpen.c	emoose/re4	feb6805b	src/lib/CARDOpen.c	doldecomp/dolsdk2004	T1: Nintendo SDK symbol names (upstream)	9 kept functions match the DOL byte for byte with relocations masked (tools/research/libmatch.py); main.dol OK
dolphin/card/CARDCreate.c	emoose/re4	feb6805b	src/lib/CARDCreate.c	doldecomp/dolsdk2004	T1: Nintendo SDK symbol names (upstream)	3 kept functions match the DOL byte for byte with relocations masked (tools/research/libmatch.py); main.dol OK
dolphin/card/CARDRead.c	emoose/re4	feb6805b	src/lib/CARDRead.c	doldecomp/dolsdk2004	T1: Nintendo SDK symbol names (upstream)	4 kept functions match the DOL byte for byte with relocations masked (tools/research/libmatch.py); main.dol OK
dolphin/card/CARDWrite.c	emoose/re4	feb6805b	src/lib/CARDWrite.c	doldecomp/dolsdk2004	T1: Nintendo SDK symbol names (upstream)	4 kept functions match the DOL byte for byte with relocations masked (tools/research/libmatch.py); main.dol OK
dolphin/card/CARDDelete.c	emoose/re4	feb6805b	src/lib/CARDDelete.c	doldecomp/dolsdk2004	T1: Nintendo SDK symbol names (upstream)	5 kept functions match the DOL byte for byte with relocations masked (tools/research/libmatch.py); main.dol OK
dolphin/card/CARDStat.c	emoose/re4	feb6805b	src/lib/CARDStat.c	doldecomp/dolsdk2004	T1: Nintendo SDK symbol names (upstream)	4 kept functions match the DOL byte for byte with relocations masked (tools/research/libmatch.py); main.dol OK
dolphin/card/CARDUnlock.c	emoose/re4	feb6805b	src/lib/CARDUnlock.c	doldecomp/dolsdk2004	T1: Nintendo SDK symbol names (upstream)	6 kept functions match the DOL byte for byte with relocations masked (tools/research/libmatch.py); main.dol OK
dolphin/card/CARDRdwr.c	emoose/re4	feb6805b	src/lib/CARDRdwr.c	doldecomp/dolsdk2004	T1: Nintendo SDK symbol names (upstream)	4 kept functions match the DOL byte for byte with relocations masked (tools/research/libmatch.py); main.dol OK
dolphin/dsp/dsp.c	emoose/re4	feb6805b	src/lib/dsp.c	doldecomp/dolsdk2004	T1: Nintendo SDK symbol names (upstream)	9 kept functions match the DOL byte for byte with relocations masked (tools/research/libmatch.py); main.dol OK
dolphin/dsp/dsp_debug.c	emoose/re4	feb6805b	src/lib/dsp_debug.c	doldecomp/dolsdk2004	T1: Nintendo SDK symbol names (upstream)	1 kept functions match the DOL byte for byte with relocations masked (tools/research/libmatch.py); main.dol OK
dolphin/dsp/dsp_task.c	emoose/re4	feb6805b	src/lib/dsp_task.c	doldecomp/dolsdk2004	T1: Nintendo SDK symbol names (upstream)	5 kept functions match the DOL byte for byte with relocations masked (tools/research/libmatch.py); main.dol OK
dolphin/dvd/dvdfs.c	emoose/re4	feb6805b	src/lib/dvdfs.c	doldecomp/dolsdk2004	T1: Nintendo SDK symbol names (upstream)	10 kept functions match the DOL byte for byte with relocations masked (tools/research/libmatch.py); main.dol OK
dolphin/dvd/dvd.c	emoose/re4	feb6805b	src/lib/dvd.c	doldecomp/dolsdk2004	T1: Nintendo SDK symbol names (upstream)	47 kept functions match the DOL byte for byte with relocations masked (tools/research/libmatch.py); main.dol OK
dolphin/dvd/dvdqueue.c	emoose/re4	feb6805b	src/lib/dvdqueue.c	doldecomp/dolsdk2004	T1: Nintendo SDK symbol names (upstream)	5 kept functions match the DOL byte for byte with relocations masked (tools/research/libmatch.py); main.dol OK
dolphin/dvd/dvderror.c	emoose/re4	feb6805b	src/lib/dvderror.c	doldecomp/dolsdk2004	T1: Nintendo SDK symbol names (upstream)	2 kept functions match the DOL byte for byte with relocations masked (tools/research/libmatch.py); main.dol OK
dolphin/dvd/dvdidutils.c	emoose/re4	feb6805b	src/lib/dvdidutils.c	doldecomp/dolsdk2004	T1: Nintendo SDK symbol names (upstream)	1 kept functions match the DOL byte for byte with relocations masked (tools/research/libmatch.py); main.dol OK
dolphin/dvd/fstload.c	emoose/re4	feb6805b	src/lib/fstload.c	doldecomp/dolsdk2004	T1: Nintendo SDK symbol names (upstream)	2 kept functions match the DOL byte for byte with relocations masked (tools/research/libmatch.py); main.dol OK
dolphin/dvd/dvdlow.c	emoose/re4	feb6805b	src/lib/dvdlow.c	doldecomp/dolsdk2004	T1: Nintendo SDK symbol names (upstream)	21 kept functions match the DOL byte for byte with relocations masked (tools/research/libmatch.py); main.dol OK
dolphin/exi/EXIBios.c	emoose/re4	feb6805b	src/lib/EXIBios.c	doldecomp/dolsdk2004	T1: Nintendo SDK symbol names (upstream)	23 kept functions match the DOL byte for byte with relocations masked (tools/research/libmatch.py); main.dol OK
dolphin/exi/EXIUart.c	emoose/re4	feb6805b	src/lib/EXIUart.c	doldecomp/dolsdk2004	T1: Nintendo SDK symbol names (upstream)	4 kept functions match the DOL byte for byte with relocations masked (tools/research/libmatch.py); main.dol OK
dolphin/gx/GXInit.c	emoose/re4	feb6805b	src/lib/GXInit.c	doldecomp/dolsdk2004	T1: Nintendo SDK symbol names (upstream)	6 kept functions match the DOL byte for byte with relocations masked (tools/research/libmatch.py); main.dol OK
dolphin/gx/GXMisc.c	emoose/re4	feb6805b	src/lib/GXMisc.c	doldecomp/dolsdk2004	T1: Nintendo SDK symbol names (upstream)	20 kept functions match the DOL byte for byte with relocations masked (tools/research/libmatch.py); main.dol OK
dolphin/gx/GXGeometry.c	emoose/re4	feb6805b	src/lib/GXGeometry.c	doldecomp/dolsdk2004	T1: Nintendo SDK symbol names (upstream)	10 kept functions match the DOL byte for byte with relocations masked (tools/research/libmatch.py); main.dol OK
dolphin/gx/GXFrameBuf.c	emoose/re4	feb6805b	src/lib/GXFrameBuf.c	doldecomp/dolsdk2004	T1: Nintendo SDK symbol names (upstream)	15 kept functions match the DOL byte for byte with relocations masked (tools/research/libmatch.py); main.dol OK
dolphin/gx/GXLight.c	emoose/re4	feb6805b	src/lib/GXLight.c	doldecomp/dolsdk2004	T1: Nintendo SDK symbol names (upstream)	8 kept functions match the DOL byte for byte with relocations masked (tools/research/libmatch.py); main.dol OK
dolphin/gx/GXTexture.c	emoose/re4	feb6805b	src/lib/GXTexture.c	doldecomp/dolsdk2004	T1: Nintendo SDK symbol names (upstream)	24 kept functions match the DOL byte for byte with relocations masked (tools/research/libmatch.py); main.dol OK
dolphin/gx/GXBump.c	emoose/re4	feb6805b	src/lib/GXBump.c	doldecomp/dolsdk2004	T1: Nintendo SDK symbol names (upstream)	10 kept functions match the DOL byte for byte with relocations masked (tools/research/libmatch.py); main.dol OK
dolphin/gx/GXTev.c	emoose/re4	feb6805b	src/lib/GXTev.c	doldecomp/dolsdk2004	T1: Nintendo SDK symbol names (upstream)	14 kept functions match the DOL byte for byte with relocations masked (tools/research/libmatch.py); main.dol OK
dolphin/gx/GXPixel.c	emoose/re4	feb6805b	src/lib/GXPixel.c	doldecomp/dolsdk2004	T1: Nintendo SDK symbol names (upstream)	13 kept functions match the DOL byte for byte with relocations masked (tools/research/libmatch.py); main.dol OK
dolphin/gx/GXTransform.c	emoose/re4	feb6805b	src/lib/GXTransform.c	doldecomp/dolsdk2004	T1: Nintendo SDK symbol names (upstream)	13 kept functions match the DOL byte for byte with relocations masked (tools/research/libmatch.py); main.dol OK
dolphin/gx/GXPerf.c	emoose/re4	feb6805b	src/lib/GXPerf.c	doldecomp/dolsdk2004	T1: Nintendo SDK symbol names (upstream)	4 kept functions match the DOL byte for byte with relocations masked (tools/research/libmatch.py); main.dol OK
dolphin/mtx/mtx.c	emoose/re4	feb6805b	src/lib/mtx.c	doldecomp/dolsdk2004	T1: Nintendo SDK symbol names (upstream)	5 kept functions match the DOL byte for byte with relocations masked (tools/research/libmatch.py); main.dol OK
dolphin/mtx/mtxvec.c	emoose/re4	feb6805b	src/lib/mtxvec.c	doldecomp/dolsdk2004	T1: Nintendo SDK symbol names (upstream)	1 kept functions match the DOL byte for byte with relocations masked (tools/research/libmatch.py); main.dol OK
dolphin/mtx/mtx44.c	emoose/re4	feb6805b	src/lib/mtx44.c	doldecomp/dolsdk2004	T1: Nintendo SDK symbol names (upstream)	3 kept functions match the DOL byte for byte with relocations masked (tools/research/libmatch.py); main.dol OK
dolphin/os/OS.c	emoose/re4	feb6805b	src/lib/OS.c	doldecomp/dolsdk2004	T1: Nintendo SDK symbol names (upstream)	14 kept functions match the DOL byte for byte with relocations masked (tools/research/libmatch.py); main.dol OK
dolphin/os/OSAlarm.c	emoose/re4	feb6805b	src/lib/OSAlarm.c	doldecomp/dolsdk2004	T1: Nintendo SDK symbol names (upstream)	9 kept functions match the DOL byte for byte with relocations masked (tools/research/libmatch.py); main.dol OK
dolphin/os/OSAlloc.c	emoose/re4	feb6805b	src/lib/OSAlloc.c	doldecomp/dolsdk2004	T1: Nintendo SDK symbol names (upstream)	6 kept functions match the DOL byte for byte with relocations masked (tools/research/libmatch.py); main.dol OK
dolphin/os/OSArena.c	emoose/re4	feb6805b	src/lib/OSArena.c	doldecomp/dolsdk2004	T1: Nintendo SDK symbol names (upstream)	5 kept functions match the DOL byte for byte with relocations masked (tools/research/libmatch.py); main.dol OK
dolphin/os/OSAudioSystem.c	emoose/re4	feb6805b	src/lib/OSAudioSystem.c	doldecomp/dolsdk2004	T1: Nintendo SDK symbol names (upstream)	2 kept functions match the DOL byte for byte with relocations masked (tools/research/libmatch.py); main.dol OK
dolphin/os/OSCache.c	emoose/re4	feb6805b	src/lib/OSCache.c	doldecomp/dolsdk2004	T1: Nintendo SDK symbol names (upstream)	13 kept functions match the DOL byte for byte with relocations masked (tools/research/libmatch.py); main.dol OK
dolphin/os/OSContext.c	emoose/re4	feb6805b	src/lib/OSContext.c	doldecomp/dolsdk2004	T1: Nintendo SDK symbol names (upstream)	13 kept functions match the DOL byte for byte with relocations masked (tools/research/libmatch.py); main.dol OK
dolphin/os/OSError.c	emoose/re4	feb6805b	src/lib/OSError.c	doldecomp/dolsdk2004	T1: Nintendo SDK symbol names (upstream)	4 kept functions match the DOL byte for byte with relocations masked (tools/research/libmatch.py); main.dol OK
dolphin/os/OSExec.c	emoose/re4	feb6805b	src/lib/OSExec.c	doldecomp/dolsdk2004	T1: Nintendo SDK symbol names (upstream)	8 kept functions match the DOL byte for byte with relocations masked (tools/research/libmatch.py); main.dol OK
dolphin/os/OSFont.c	emoose/re4	feb6805b	src/lib/OSFont.c	doldecomp/dolsdk2004	T1: Nintendo SDK symbol names (upstream)	3 kept functions match the DOL byte for byte with relocations masked (tools/research/libmatch.py); main.dol OK
dolphin/os/OSInterrupt.c	emoose/re4	feb6805b	src/lib/OSInterrupt.c	doldecomp/dolsdk2004	T1: Nintendo SDK symbol names (upstream)	11 kept functions match the DOL byte for byte with relocations masked (tools/research/libmatch.py); main.dol OK
dolphin/os/OSLink.c	emoose/re4	feb6805b	src/lib/OSLink.c	doldecomp/dolsdk2004	T1: Nintendo SDK symbol names (upstream)	1 kept functions match the DOL byte for byte with relocations masked (tools/research/libmatch.py); main.dol OK
dolphin/os/OSMutex.c	emoose/re4	feb6805b	src/lib/OSMutex.c	doldecomp/dolsdk2004	T1: Nintendo SDK symbol names (upstream)	4 kept functions match the DOL byte for byte with relocations masked (tools/research/libmatch.py); main.dol OK
dolphin/os/OSReboot.c	emoose/re4	feb6805b	src/lib/OSReboot.c	doldecomp/dolsdk2004	T1: Nintendo SDK symbol names (upstream)	2 kept functions match the DOL byte for byte with relocations masked (tools/research/libmatch.py); main.dol OK
dolphin/os/OSReset.c	emoose/re4	feb6805b	src/lib/OSReset.c	doldecomp/dolsdk2004	T1: Nintendo SDK symbol names (upstream)	7 kept functions match the DOL byte for byte with relocations masked (tools/research/libmatch.py); main.dol OK
dolphin/os/OSResetSW.c	emoose/re4	feb6805b	src/lib/OSResetSW.c	doldecomp/dolsdk2004	T1: Nintendo SDK symbol names (upstream)	3 kept functions match the DOL byte for byte with relocations masked (tools/research/libmatch.py); main.dol OK
dolphin/os/OSRtc.c	emoose/re4	feb6805b	src/lib/OSRtc.c	doldecomp/dolsdk2004	T1: Nintendo SDK symbol names (upstream)	15 kept functions match the DOL byte for byte with relocations masked (tools/research/libmatch.py); main.dol OK
dolphin/os/OSSync.c	emoose/re4	feb6805b	src/lib/OSSync.c	doldecomp/dolsdk2004	T1: Nintendo SDK symbol names (upstream)	2 kept functions match the DOL byte for byte with relocations masked (tools/research/libmatch.py); main.dol OK
dolphin/os/OSThread.c	emoose/re4	feb6805b	src/lib/OSThread.c	doldecomp/dolsdk2004	T1: Nintendo SDK symbol names (upstream)	23 kept functions match the DOL byte for byte with relocations masked (tools/research/libmatch.py); main.dol OK
dolphin/os/OSTime.c	emoose/re4	feb6805b	src/lib/OSTime.c	doldecomp/dolsdk2004	T1: Nintendo SDK symbol names (upstream)	4 kept functions match the DOL byte for byte with relocations masked (tools/research/libmatch.py); main.dol OK
dolphin/os/__ppc_eabi_init.c	emoose/re4	feb6805b	src/lib/__ppc_eabi_init.c	doldecomp/dolsdk2004	T1: Nintendo SDK symbol names (upstream)	2 kept functions match the DOL byte for byte with relocations masked (tools/research/libmatch.py); main.dol OK
dolphin/pad/Padclamp.c	emoose/re4	feb6805b	src/lib/Padclamp.c	doldecomp/dolsdk2004	T1: Nintendo SDK symbol names (upstream)	2 kept functions match the DOL byte for byte with relocations masked (tools/research/libmatch.py); main.dol OK
dolphin/pad/Pad.c	emoose/re4	feb6805b	src/lib/Pad.c	doldecomp/dolsdk2004	T1: Nintendo SDK symbol names (upstream)	19 kept functions match the DOL byte for byte with relocations masked (tools/research/libmatch.py); main.dol OK
dolphin/si/SIBios.c	emoose/re4	feb6805b	src/lib/SIBios.c	doldecomp/dolsdk2004	T1: Nintendo SDK symbol names (upstream)	21 kept functions match the DOL byte for byte with relocations masked (tools/research/libmatch.py); main.dol OK
dolphin/si/SISamplingRate.c	emoose/re4	feb6805b	src/lib/SISamplingRate.c	doldecomp/dolsdk2004	T1: Nintendo SDK symbol names (upstream)	2 kept functions match the DOL byte for byte with relocations masked (tools/research/libmatch.py); main.dol OK
dolphin/vi/vi.c	emoose/re4	feb6805b	src/lib/vi.c	doldecomp/dolsdk2004	T1: Nintendo SDK symbol names (upstream)	20 kept functions match the DOL byte for byte with relocations masked (tools/research/libmatch.py); main.dol OK
dolphin/odemustubs/DebuggerDriver.c	emoose/re4	feb6805b	src/lib/DebuggerDriver.c	mariopartyrd/partyboard	T1: Nintendo SDK symbol names (upstream)	12 kept functions match the DOL byte for byte with relocations masked (tools/research/libmatch.py); main.dol OK
snd/cmn/salloc.c	dbalatoni13/nfsmw	9ca26bc1	src/Speed/Indep/Libs/snd/9/source/library/cmn/salloc.c		T1: EA SND symbol names from NFS Most Wanted GC's DWARF (upstream)	4 function(s) byte-exact in place, relocations included; callers and callees in MVP agree with the source (tools/research/relocnames.py); main.dol OK
snd/cmn/sballoc.c	dbalatoni13/nfsmw	9ca26bc1	src/Speed/Indep/Libs/snd/9/source/library/cmn/sballoc.c		T1: EA SND symbol names from NFS Most Wanted GC's DWARF (upstream)	2 function(s) byte-exact in place, relocations included; callers and callees in MVP agree with the source (tools/research/relocnames.py); main.dol OK
snd/cmn/sbhdrcpy.c	dbalatoni13/nfsmw	9ca26bc1	src/Speed/Indep/Libs/snd/9/source/library/cmn/sbhdrcpy.c		T1: EA SND symbol names from NFS Most Wanted GC's DWARF (upstream)	1 function(s) byte-exact in place, relocations included; callers and callees in MVP agree with the source (tools/research/relocnames.py); main.dol OK
snd/cmn/sbhdrsze.c	dbalatoni13/nfsmw	9ca26bc1	src/Speed/Indep/Libs/snd/9/source/library/cmn/sbhdrsze.c		T1: EA SND symbol names from NFS Most Wanted GC's DWARF (upstream)	1 function(s) byte-exact in place, relocations included; callers and callees in MVP agree with the source (tools/research/relocnames.py); main.dol OK
snd/cmn/sbplay.c	dbalatoni13/nfsmw	9ca26bc1	src/Speed/Indep/Libs/snd/9/source/library/cmn/sbplay.c		T1: EA SND symbol names from NFS Most Wanted GC's DWARF (upstream)	1 function(s) byte-exact in place, relocations included; callers and callees in MVP agree with the source (tools/research/relocnames.py); main.dol OK
snd/cmn/sbvalid.c	dbalatoni13/nfsmw	9ca26bc1	src/Speed/Indep/Libs/snd/9/source/library/cmn/sbvalid.c		T1: EA SND symbol names from NFS Most Wanted GC's DWARF (upstream)	1 function(s) byte-exact in place, relocations included; callers and callees in MVP agree with the source (tools/research/relocnames.py); main.dol OK
snd/cmn/scheckpo.c	dbalatoni13/nfsmw	9ca26bc1	src/Speed/Indep/Libs/snd/9/source/library/cmn/scheckpo.c		T1: EA SND symbol names from NFS Most Wanted GC's DWARF (upstream)	1 function(s) byte-exact in place, relocations included; callers and callees in MVP agree with the source (tools/research/relocnames.py); main.dol OK
snd/cmn/smemcpy.c	dbalatoni13/nfsmw	9ca26bc1	src/Speed/Indep/Libs/snd/9/source/library/cmn/smemcpy.c		T1: EA SND symbol names from NFS Most Wanted GC's DWARF (upstream)	1 function(s) byte-exact in place, relocations included; callers and callees in MVP agree with the source (tools/research/relocnames.py); main.dol OK
snd/cmn/smemman.c	dbalatoni13/nfsmw	9ca26bc1	src/Speed/Indep/Libs/snd/9/source/library/cmn/smemman.c		T1: EA SND symbol names from NFS Most Wanted GC's DWARF (upstream)	5 function(s) byte-exact in place, relocations included; callers and callees in MVP agree with the source (tools/research/relocnames.py); main.dol OK
snd/cmn/spitch.c	dbalatoni13/nfsmw	9ca26bc1	src/Speed/Indep/Libs/snd/9/source/library/cmn/spitch.c		T1: EA SND symbol names from NFS Most Wanted GC's DWARF (upstream)	1 function(s) byte-exact in place, relocations included; callers and callees in MVP agree with the source (tools/research/relocnames.py); main.dol OK
snd/cmn/sctrldry.cpp	dbalatoni13/nfsmw	9ca26bc1	src/Speed/Indep/Libs/snd/9/source/library/cmn/sctrldry.cpp		T1: EA SND symbol names from NFS Most Wanted GC's DWARF (upstream)	1 function(s) byte-exact in place, relocations included; callers and callees in MVP agree with the source (tools/research/relocnames.py); main.dol OK
snd/cmn/spatkey.c	dbalatoni13/nfsmw	9ca26bc1	src/Speed/Indep/Libs/snd/9/source/library/cmn/spatkey.c		T1: EA SND symbol names from NFS Most Wanted GC's DWARF (upstream)	1 function(s) byte-exact in place, relocations included; callers and callees in MVP agree with the source (tools/research/relocnames.py); main.dol OK
snd/cmn/sattrdef.c	dbalatoni13/nfsmw	9ca26bc1	src/Speed/Indep/Libs/snd/9/source/library/cmn/sattrdef.c		T1: EA SND symbol names from NFS Most Wanted GC's DWARF (upstream)	1 function(s) byte-exact in place, relocations included; callers and callees in MVP agree with the source (tools/research/relocnames.py); main.dol OK
libgcc/_ashldi3.c	emoose/re4	feb6805b	src/lib/libgcc2/libgcc2.c	GCC 2.95.3 libgcc2.c	T1: GCC runtime symbol names (libgcc2.c; GCC emits calls to them by these names)	__ashldi3: matches the DOL byte for byte with relocations masked (tools/research/libmatch.py); main.dol OK
libgcc/_ashrdi3.c	emoose/re4	feb6805b	src/lib/libgcc2/libgcc2.c	GCC 2.95.3 libgcc2.c	T1: GCC runtime symbol names (libgcc2.c; GCC emits calls to them by these names)	__ashrdi3: matches the DOL byte for byte with relocations masked (tools/research/libmatch.py); main.dol OK
libgcc/_divdi3.c	emoose/re4	feb6805b	src/lib/libgcc2/libgcc2.c	GCC 2.95.3 libgcc2.c	T1: GCC runtime symbol names (libgcc2.c; GCC emits calls to them by these names)	__divdi3 and its __clz_tab: matches the DOL byte for byte with relocations masked (tools/research/libmatch.py); main.dol OK
libgcc/_exit.c	emoose/re4	feb6805b	src/lib/_exit.c		T1: the C library's exit() calls it as _exit (newlib)	_exit: matches the DOL byte for byte with relocations masked (tools/research/libmatch.py); main.dol OK
libgcc/_lshrdi3.c	emoose/re4	feb6805b	src/lib/libgcc2/libgcc2.c	GCC 2.95.3 libgcc2.c	T1: GCC runtime symbol names (libgcc2.c; GCC emits calls to them by these names)	__lshrdi3: matches the DOL byte for byte with relocations masked (tools/research/libmatch.py); main.dol OK
libgcc/_moddi3.c	emoose/re4	feb6805b	src/lib/libgcc2/libgcc2.c	GCC 2.95.3 libgcc2.c	T1: GCC runtime symbol names (libgcc2.c; GCC emits calls to them by these names)	__moddi3 and its __clz_tab: matches the DOL byte for byte with relocations masked (tools/research/libmatch.py); main.dol OK
libgcc/_udivdi3.c	emoose/re4	feb6805b	src/lib/libgcc2/libgcc2.c	GCC 2.95.3 libgcc2.c	T1: GCC runtime symbol names (libgcc2.c; GCC emits calls to them by these names)	__udivdi3 and its __clz_tab: matches the DOL byte for byte with relocations masked (tools/research/libmatch.py); main.dol OK
libgcc/_umoddi3.c	emoose/re4	feb6805b	src/lib/libgcc2/libgcc2.c	GCC 2.95.3 libgcc2.c	T1: GCC runtime symbol names (libgcc2.c; GCC emits calls to them by these names)	__umoddi3 and its __clz_tab: matches the DOL byte for byte with relocations masked (tools/research/libmatch.py); main.dol OK
dolphin/gx/GXFifo.c	emoose/re4	feb6805b	src/lib/GXFifo.c	doldecomp/dolsdk2004	T1: Nintendo SDK symbol names (upstream)	22 kept functions match the DOL byte for byte with relocations masked (tools/research/libmatch.py); GXRedirectWriteGatherPipe and GXRestoreWriteGatherPipe, NONMATCHING upstream, match here after writing reg &= 0xFBFFFFFF as SET_REG_FIELD(reg, 1, 26, 0); main.dol OK
snd/cmn/saems.c	dbalatoni13/nfsmw	9ca26bc1	src/Speed/Indep/Libs/snd/9/source/library/cmn/saems.c		T1: EA SND symbol names from NFS Most Wanted GC's DWARF (upstream)	74 functions byte-exact in place, with .rodata and .data (function tables checked pointer by pointer); MVP lacks SNDAEMSI_stopmodulebanks, removed; main.dol OK
snd/cmn/sstgetpv.c	dbalatoni13/nfsmw	9ca26bc1	src/Speed/Indep/Libs/snd/9/source/library/cmn/sstgetpv.c		T1: EA SND symbol names from NFS Most Wanted GC's DWARF (upstream)	1 function(s) byte-exact in place, relocations included; callers and callees in MVP agree with the source (tools/research/relocnames.py); adapted: MVP's older SND scales the volume by 127.0f; main.dol OK
snd/cmn/sgetpvol.c	dbalatoni13/nfsmw	9ca26bc1	src/Speed/Indep/Libs/snd/9/source/library/cmn/sgetpvol.c		T1: EA SND symbol names from NFS Most Wanted GC's DWARF (upstream)	1 function(s) byte-exact in place, relocations included; callers and callees in MVP agree with the source (tools/research/relocnames.py); adapted: MVP's older SND scales the volume by 127.0f; main.dol OK
