address	name	unit	evidence
0x80414F74	AIInitDMA	dolphin/ai/ai.c	T1: imported SDK code refers to AIInitDMA by name, and the original code's relocation at that reference resolves to this address
0x804158BC	ARStartDMA	dolphin/ar/ar.c	T1: imported SDK code refers to ARStartDMA by name, and the original code's relocation at that reference resolves to this address
0x8042BF50	GXSetNumTexGens	dolphin/gx/GXAttr.c	T1: imported SDK code refers to GXSetNumTexGens by name, and the original code's relocation at that reference resolves to this address
0x8042BCD0	GXSetTexCoordGen2	dolphin/gx/GXAttr.c	T1: imported SDK code refers to GXSetTexCoordGen2 by name, and the original code's relocation at that reference resolves to this address
0x8042B6F4	GXSetVtxAttrFmtv	dolphin/gx/GXAttr.c	T1: imported SDK code refers to GXSetVtxAttrFmtv by name, and the original code's relocation at that reference resolves to this address
0x80433CE8	OSPanic	dolphin/os/OSError.c	T1: imported SDK code refers to OSPanic by name, and the original code's relocation at that reference resolves to this address
0x80433C68	OSReport	dolphin/os/OSError.c	T1: imported SDK code refers to OSReport by name, and the original code's relocation at that reference resolves to this address
0x80425BE4	__DVDPrintFatalMessage	dolphin/dvd/dvdFatal.c	T1: imported SDK code refers to __DVDPrintFatalMessage by name, and the original code's relocation at that reference resolves to this address
0x8042B0F8	__GXCalculateVLim	dolphin/gx/GXAttr.c	T1: imported SDK code refers to __GXCalculateVLim by name, and the original code's relocation at that reference resolves to this address
0x8042B974	__GXSetVAT	dolphin/gx/GXAttr.c	T1: imported SDK code refers to __GXSetVAT by name, and the original code's relocation at that reference resolves to this address
0x8042B03C	__GXSetVCD	dolphin/gx/GXAttr.c	T1: imported SDK code refers to __GXSetVCD by name, and the original code's relocation at that reference resolves to this address
0x80406C74	__cvt_fp2unsigned	asm	T1: imported SDK code refers to __cvt_fp2unsigned by name, and the original code's relocation at that reference resolves to this address
0x80406CC0	__div2i	asm	T1: imported SDK code refers to __div2i by name, and the original code's relocation at that reference resolves to this address
0x80406CCC	__shr2i	asm	T1: imported SDK code refers to __shr2i by name, and the original code's relocation at that reference resolves to this address
0x80411554	cosf	asm	T1: imported SDK code refers to cosf by name, and the original code's relocation at that reference resolves to this address
0x8040B100	memcmp	asm	T1: imported SDK code refers to memcmp by name, and the original code's relocation at that reference resolves to this address
0x8040B61C	strcpy	asm	T1: imported SDK code refers to strcpy by name, and the original code's relocation at that reference resolves to this address
0x8040B6A0	strlen	asm	T1: imported SDK code refers to strlen by name, and the original code's relocation at that reference resolves to this address
0x8040B750	strncmp	asm	T1: imported SDK code refers to strncmp by name, and the original code's relocation at that reference resolves to this address
0x8040B830	strncpy	asm	T1: imported SDK code refers to strncpy by name, and the original code's relocation at that reference resolves to this address
0x804117F8	tanf	asm	T1: imported SDK code refers to tanf by name, and the original code's relocation at that reference resolves to this address
0x8043EFA4	tolower	asm	T1: imported SDK code refers to tolower by name, and the original code's relocation at that reference resolves to this address
0x806EF178	__CARDVendorID	dolphin/card/CARDNet.c	T1: imported SDK code refers to __CARDVendorID by name, and the original code's relocation at that reference resolves to this address
0x806EF17A	__CARDPermMask	dolphin/card/CARDNet.c	T1: imported SDK code refers to __CARDPermMask by name, and the original code's relocation at that reference resolves to this address
0x806EF168	axDspSlaveLength	dolphin/ax/DSPCode.c	T1: imported SDK code refers to axDspSlaveLength by name, and the original code's relocation at that reference resolves to this address
0x80631560	axDspSlave	dolphin/ax/DSPCode.c	T1: imported SDK code refers to axDspSlave by name, and the original code's relocation at that reference resolves to this address
0x80414F30	AIRegisterDMACallback	dolphin/ai/ai.c	T1: imported SDK code refers to AIRegisterDMACallback by name, and the original code's relocation at that reference resolves to this address
0x8041502C	AISetStreamPlayState	dolphin/ai/ai.c	T1: imported SDK code refers to AISetStreamPlayState by name, and the original code's relocation at that reference resolves to this address
0x804152EC	AISetStreamVolLeft	dolphin/ai/ai.c	T1: imported SDK code refers to AISetStreamVolLeft by name, and the original code's relocation at that reference resolves to this address
0x80415318	AISetStreamVolRight	dolphin/ai/ai.c	T1: imported SDK code refers to AISetStreamVolRight by name, and the original code's relocation at that reference resolves to this address
0x80414FFC	AIStartDMA	dolphin/ai/ai.c	T1: imported SDK code refers to AIStartDMA by name, and the original code's relocation at that reference resolves to this address
0x80415014	AIStopDMA	dolphin/ai/ai.c	T1: imported SDK code refers to AIStopDMA by name, and the original code's relocation at that reference resolves to this address
0x8041583C	ARRegisterDMACallback	dolphin/ar/ar.c	T1: imported SDK code refers to ARRegisterDMACallback by name, and the original code's relocation at that reference resolves to this address
0x8042B460	GXClearVtxDesc	dolphin/gx/GXAttr.c	T1: imported SDK code refers to GXClearVtxDesc by name, and the original code's relocation at that reference resolves to this address
0x8042BCC0	GXInvalidateVtxCache	dolphin/gx/GXAttr.c	T1: imported SDK code refers to GXInvalidateVtxCache by name, and the original code's relocation at that reference resolves to this address
0x8042BC7C	GXSetArray	dolphin/gx/GXAttr.c	T1: imported SDK code refers to GXSetArray by name, and the original code's relocation at that reference resolves to this address
0x80406CC4	__shl2i	asm	T1: imported SDK code refers to __shl2i by name, and the original code's relocation at that reference resolves to this address
0x80406CBC	__shr2u	asm	T1: imported SDK code refers to __shr2u by name, and the original code's relocation at that reference resolves to this address
0x804089B4	sprintf	asm	T1: imported SDK code refers to sprintf by name, and the original code's relocation at that reference resolves to this address
0x80649298	_ctors_data	asm	T1: imported SDK code refers to _ctors_data by name, and the original code's relocation at that reference resolves to this address
0x8043D960	VMInit	dolphin/vm/VM.c	T2: named VMInit in 10 EA GameCube builds with symbols (the function fingerprint matches, tools/research/refmatch.py; /mnt/project-files/mvp2005/refnames); the C matches the DOL byte for byte
0x8043D9FC	VMSetLogStatsCallback	dolphin/vm/VM.c	T3: read from the code: stores its one argument in the static called after every page-in with the swap statistics (VM.c __VMSwapPageIn); too short for the reference builds to place it
0x8043DA04	__VMGetMRAMPages	dolphin/vm/VM.c	T3: read from the code: returns the static VMInit sets to mramSize >> 12; too short for the reference builds to place it
0x8043DA0C	__VMGetARAMSize	dolphin/vm/VM.c	T3: read from the code: returns the static VMInit sets from its aramSize argument; too short for the reference builds to place it
0x8043DA14	__VMGetARAMStart	dolphin/vm/VM.c	T3: read from the code: returns the static VMInit sets from its aramStart argument (0x4000 before VMInit); too short for the reference builds to place it
0x8043DA1C	__VMAllocMRAMSwapSpace	dolphin/vm/VM.c	T2: named __VMAllocMRAMSwapSpace in 10 EA GameCube builds with symbols (the function fingerprint matches, tools/research/refmatch.py; /mnt/project-files/mvp2005/refnames); the C matches the DOL byte for byte
0x8043DA4C	__VMSwapPageIn	dolphin/vm/VM.c	T2: named __VMSwapPageIn in 8 EA GameCube builds with symbols (the function fingerprint matches, tools/research/refmatch.py; /mnt/project-files/mvp2005/refnames); the C matches the DOL byte for byte
0x8043DC48	__VMSwapPageOut	dolphin/vm/VM.c	T2: named __VMSwapPageOut in 5 EA GameCube builds with symbols (the function fingerprint matches, tools/research/refmatch.py; /mnt/project-files/mvp2005/refnames); the C matches the DOL byte for byte
0x8043DCFC	VMStoreAllPages	dolphin/vm/VM.c	T3: read from the code: only calls VMBASEStoreAllPages (named by 2 builds) with __VMSwapPageOut; too short for the reference builds to place it
0x8043DD24	__VMGetPageToReplace	dolphin/vm/VMPageReplacement.c	T2: named __VMGetPageToReplace in 10 EA GameCube builds with symbols (the function fingerprint matches, tools/research/refmatch.py; /mnt/project-files/mvp2005/refnames); the C matches the DOL byte for byte
0x8043DD68	__VMPageReplacementLRU	dolphin/vm/VMPageReplacement.c	T2: named __VMPageReplacementLRU in 10 EA GameCube builds with symbols (the function fingerprint matches, tools/research/refmatch.py; /mnt/project-files/mvp2005/refnames); the C matches the DOL byte for byte
0x8043DF38	__VMPageReplacementRandom	dolphin/vm/VMPageReplacement.c	T2: named __VMPageReplacementRandom in 10 EA GameCube builds with symbols (the function fingerprint matches, tools/research/refmatch.py; /mnt/project-files/mvp2005/refnames); the C matches the DOL byte for byte
0x8043DFCC	__VMPageReplacementFIFO	dolphin/vm/VMPageReplacement.c	T2: named __VMPageReplacementFIFO in 10 EA GameCube builds with symbols (the function fingerprint matches, tools/research/refmatch.py; /mnt/project-files/mvp2005/refnames); the C matches the DOL byte for byte
0x8043E038	VMAlloc	dolphin/vm/VMMapping.c	T2: named VMAlloc in 10 EA GameCube builds with symbols (the function fingerprint matches, tools/research/refmatch.py; /mnt/project-files/mvp2005/refnames); the C matches the DOL byte for byte
0x8043E138	__VMTranslateVMPageToARAMPage	dolphin/vm/VMMapping.c	T2: named __VMTranslateVMPageToARAMPage in 10 EA GameCube builds with symbols (the function fingerprint matches, tools/research/refmatch.py; /mnt/project-files/mvp2005/refnames); the C matches the DOL byte for byte
0x8043E178	__VMIsPageMapped	dolphin/vm/VMMapping.c	T3: read from the code: TRUE when the page has an ARAM address in the virtual-to-ARAM table; too short for the reference builds to place it
0x8043E198	__VMMappingErrorAlert	dolphin/vm/VMMapping.c	T2: named __VMMappingErrorAlert in 10 EA GameCube builds with symbols (the function fingerprint matches, tools/research/refmatch.py; /mnt/project-files/mvp2005/refnames); the C matches the DOL byte for byte
0x8043E1D0	__VMSetPageInARAM	dolphin/vm/VMMapping.c	T3: read from the code: sets the top bit of the page's virtual-to-ARAM entry; __VMSwapPageIn calls it when it writes a page out; too short for the reference builds to place it
0x8043E1E8	__VMIsPageInARAM	dolphin/vm/VMMapping.c	T3: read from the code: returns the top bit of the page's virtual-to-ARAM entry; __VMSwapPageIn copies the page in from ARAM only when it is set; too short for the reference builds to place it
0x8043E1FC	__VMAllocVirtualToARAMLUT	dolphin/vm/VMMapping.c	T2: named __VMAllocVirtualToARAMLUT in 10 EA GameCube builds with symbols (the function fingerprint matches, tools/research/refmatch.py; /mnt/project-files/mvp2005/refnames); the C matches the DOL byte for byte
0x8043E2A4	__VMAllocARAMToVirtualLUT	dolphin/vm/VMMapping.c	T2: named __VMAllocARAMToVirtualLUT in 10 EA GameCube builds with symbols (the function fingerprint matches, tools/research/refmatch.py; /mnt/project-files/mvp2005/refnames); the C matches the DOL byte for byte
0x8043F058	VMBASEInit	asm	T2: named VMBASEInit in 10 EA GameCube builds with symbols (the function fingerprint matches, tools/research/refmatch.py); vm.a calls it by this name
0x8043F124	VMBASESetPageTableEntry	asm	T2: named VMBASESetPageTableEntry in 6 EA GameCube builds with symbols (the function fingerprint matches, tools/research/refmatch.py); vm.a calls it by this name
0x8043F1B8	VMBASEClearPageTableEntry	asm	T2: named VMBASEClearPageTableEntry in 6 EA GameCube builds with symbols (the function fingerprint matches, tools/research/refmatch.py); vm.a calls it by this name
0x8043F244	__VMBASEIsPageValid	asm	T3: read from the code: returns the valid bit (bit 0) of the page-table entry of its address (hash lookup at 0x8043F7D4); too short for the reference builds to place it
0x8043F26C	__VMBASEIsPageReferenced	asm	T3: read from the code: returns the R bit (0x100) of the page-table entry of its address; too short for the reference builds to place it
0x8043F294	__VMBASEIsPageChanged	asm	T3: read from the code: returns the C bit (0x80) of the page-table entry of its address; too short for the reference builds to place it
0x8043F2BC	VMBASESetPageReferenced	asm	T2: named VMBASESetPageReferenced in 6 EA GameCube builds with symbols (the function fingerprint matches, tools/research/refmatch.py); vm.a calls it by this name
0x8043F35C	__VMBASEGetPhysicalAddr	asm	T3: read from the code: returns the physical page number of the page-table entry of its address, as a cached 0x80000000 address; too short for the reference builds to place it
0x8043F388	__VMBASEGetVirtualAddr	asm	T3: read from the code: reads word [physPage] of vmbase's reverse table (main-memory page to virtual address); too short for the reference builds to place it
0x8043F3A8	__VMBASEIsPageLocked	asm	T3: read from the code: reads byte [physPage] of vmbase's per-page lock table; too short for the reference builds to place it
0x8043F728	VMBASEStoreAllPages	asm	T2: named VMBASEStoreAllPages in 2 EA GameCube builds with symbols (the function fingerprint matches, tools/research/refmatch.py); vm.a calls it by this name
0x806EF348	sARAMStart	dolphin/vm/VM.c	T3: read from the code: ARAM start given to VMInit (0x4000 until then)
0x806EF350	sFirstPass	dolphin/vm/VMPageReplacement.c	T3: read from the code: TRUE until the first time the page counter wraps
0x806EF354	sPolicy	dolphin/vm/VMPageReplacement.c	T3: read from the code: which replacement function __VMGetPageToReplace calls (1 = random)
0x806EF920	sMRAMSize	dolphin/vm/VM.c	T3: read from the code: mramSize given to VMInit
0x806EF924	sMRAMSwapSpace	dolphin/vm/VM.c	T3: read from the code: start of the main-memory page cache taken from the arena
0x806EF928	sARAMSize	dolphin/vm/VM.c	T3: read from the code: aramSize given to VMInit
0x806EF92C	sMRAMPages	dolphin/vm/VM.c	T3: read from the code: mramSize >> 12, the page count
0x806EF930	sLogStatsCallback	dolphin/vm/VM.c	T3: read from the code: the callback VMSetLogStatsCallback sets
0x806EF934	sInitialized	dolphin/vm/VM.c	T3: read from the code: set once by VMInit, which does nothing when it is set
0x806EF940	sCurrentPage	dolphin/vm/VMPageReplacement.c	T3: read from the code: the clock hand / next page handed out
0x806EF948	sARAMToVirtualLUT	dolphin/vm/VMMapping.c	T3: read from the code: the ARAM-to-virtual table __VMAllocARAMToVirtualLUT allocates
0x806EF94C	sVirtualToARAMLUT	dolphin/vm/VMMapping.c	T3: read from the code: the virtual-to-ARAM table __VMAllocVirtualToARAMLUT allocates
0x806EF950	sAllocatedARAM	dolphin/vm/VMMapping.c	T3: read from the code: bytes of ARAM VMAlloc has handed out
0x806EF954	sARAMPageCursor	dolphin/vm/VMMapping.c	T3: read from the code: last ARAM page VMAlloc handed out
